"brand(STRING(100))","model(STRING(100))","objectId(STRING_ID)","ownerId(STRING(36))","created(DATETIME)","updated(DATETIME)"
"MM - 12","model_rr - 17","0005C2D0-588D-D409-FF1D-7F77B6D35600",null,"2019-12-16T11:45:29.938Z",null
"EE - 4","model_qq - 16","001BA3CC-FF28-6D31-FFC4-360280345900",null,"2019-12-16T11:44:53.563Z",null
"LL - 11","model_ff - 5","001DC25F-3684-883A-FF2B-F0F40B704E00",null,"2019-12-16T11:45:23.671Z",null
"^^ - 29","model_}} - 28","001FEDEC-12A5-584D-FFD5-412922B05500",null,"2019-12-16T11:46:47.970Z",null
"PP - 15","model_uu - 20","002C21A4-6EB5-F26F-FFDD-04B522AD3C00",null,"2019-12-16T11:45:43.903Z",null
"XX - 23","model_hh - 7","0066E477-25D2-1CB7-FFAD-838A51E8E900",null,"2019-12-16T11:46:18.148Z",null
"GG - 6","model_dd - 3","0075EE2F-DE94-3556-FF72-0F92E181BB00",null,"2019-12-16T11:45:00.535Z",null
"BB - 1","model_ff - 5","0122354D-A45E-360E-FF5F-7DCEB2EB5800",null,"2019-12-16T11:44:38.317Z",null
"FF - 5","model_ii - 8","0122FB82-B59F-30FF-FFA8-CFF607B3BF00",null,"2019-12-16T11:44:56.801Z",null
"YY - 24","model_bb - 1","0146AD23-09A9-E438-FF5C-ACBCCD0D7200",null,"2019-12-16T11:46:21.747Z",null
"WW - 22","model_pp - 15","01E87748-0D90-5AB5-FF14-E1E9D1891300",null,"2019-12-16T11:46:14.859Z",null
"\\ - 27","model_qq - 16","01F05A0C-39E6-EF76-FF47-CBB067E5BC00",null,"2019-12-16T11:46:37.337Z",null
"[[ - 26","model_ll - 11","0280A423-5BD5-D70B-FF4E-63EAEF537700",null,"2019-12-16T11:46:32.146Z",null
"NN - 13","model_aa - 0","02B7E056-20DA-7FBD-FFAA-DB0E24A83200",null,"2019-12-16T11:45:31.862Z",null
"ZZ - 25","model_cc - 2","031E014D-B526-4B8B-FFE3-5F0D98D72900",null,"2019-12-16T11:46:26.360Z",null
"RR - 17","model_uu - 20","0331F0C4-A244-CDBB-FF5B-44772C1E7600",null,"2019-12-16T11:45:52.952Z",null
"KK - 10","model_ee - 4","047A6180-EBC2-4A75-FFB0-F7B3BCA8B300",null,"2019-12-16T11:45:19.087Z",null
"TT - 19","model_vv - 21","04D61317-AA8B-E61E-FFAC-9391B5912700",null,"2019-12-16T11:46:02.389Z",null
"XX - 23","model_bb - 1","056FD1BE-F8D5-965B-FF38-BBB1CEE43300",null,"2019-12-16T11:46:17.264Z",null
"DD - 3","model_qq - 16","05C2978E-BB7B-93E5-FFF9-F5E2D8F8E200",null,"2019-12-16T11:44:49.037Z",null
"^^ - 29","model_qq - 16","05D1B270-48D1-F756-FFA9-4D0CAE94A300",null,"2019-12-16T11:46:46.183Z",null
"KK - 10","model_ii - 8","0607A5D4-4C24-2A76-FF3C-AC93556F1D00",null,"2019-12-16T11:45:19.684Z",null
"CC - 2","model_~~ - 29","063BFBA2-620B-5D6A-FF76-0C4D76139700",null,"2019-12-16T11:44:46.351Z",null
"MM - 12","model_vv - 21","067031A0-FE98-EAF1-FF77-9528B180E800",null,"2019-12-16T11:45:30.528Z",null
"NN - 13","model_dd - 3","06AC4922-A3C1-4792-FF1F-1FFA866CB800",null,"2019-12-16T11:45:32.303Z",null
"HH - 7","model_}} - 28","06B28A07-6CAC-B72E-FF5B-E2C932B0DF00",null,"2019-12-16T11:45:09.294Z",null
"WW - 22","model_bb - 1","073AFFE3-8329-6F45-FF8B-482E61530900",null,"2019-12-16T11:46:12.788Z",null
"UU - 20","model_rr - 17","07505ED2-C664-971B-FFFA-128C5A4E5900",null,"2019-12-16T11:46:06.284Z",null
"MM - 12","model_oo - 14","07760726-CFB4-305B-FFE0-B091A2561700",null,"2019-12-16T11:45:29.488Z",null
"JJ - 9","model_ee - 4","07DAB8E4-B148-0F89-FFF7-A6A0135C8500",null,"2019-12-16T11:45:14.632Z",null
"QQ - 16","model_}} - 28","07E1DD71-391E-0C0C-FFC9-A38C22B60A00",null,"2019-12-16T11:45:49.586Z",null
"FF - 5","model_dd - 3","0859DA34-6669-A0AB-FFAF-9756245C5C00",null,"2019-12-16T11:44:56.070Z",null
"]] - 28","model_vv - 21","08940303-2379-D998-FFF2-5ACA2ECBE000",null,"2019-12-16T11:46:42.500Z",null
"LL - 11","model_dd - 3","09166BC5-C0CB-CB43-FFEA-9F83B0EA9E00",null,"2019-12-16T11:45:23.377Z",null
"OO - 14","model_bb - 1","093AA809-89A0-6033-FFCF-6F982DC0BB00",null,"2019-12-16T11:45:36.517Z",null
"DD - 3","model_{{ - 26","094B4984-35F2-B67A-FF47-6D8B5F8D6100",null,"2019-12-16T11:44:50.537Z",null
"II - 8","model_{{ - 26","09614C56-E813-34EC-FF15-441A72AEEB00",null,"2019-12-16T11:45:13.425Z",null
"]] - 28","model_ff - 5","09671022-AA18-64B1-FF42-260154331B00",null,"2019-12-16T11:46:40.131Z",null
"LL - 11","model_cc - 2","097993EF-B5FF-BAB1-FF63-6C882B0DC800",null,"2019-12-16T11:45:23.230Z",null
"[[ - 26","model_gg - 6","099AA260-8685-4424-FFB6-6B57AE672200",null,"2019-12-16T11:46:31.391Z",null
"ZZ - 25","model_ii - 8","09AFE9CD-2D4D-A387-FFEA-8941F9F8D900",null,"2019-12-16T11:46:27.267Z",null
"^^ - 29","model_aa - 0","09D3877C-2512-1604-FF62-989676267800",null,"2019-12-16T11:46:43.823Z",null
"FF - 5","model_mm - 12","09E1F851-5532-3425-FF45-80593A64A500",null,"2019-12-16T11:44:57.391Z",null
"NN - 13","model_qq - 16","09ED4843-5A14-07F1-FF83-6F20EC01AB00",null,"2019-12-16T11:45:34.257Z",null
"PP - 15","model_xx - 23","0A1D21B3-312E-BA41-FFCF-AAD3FF602600",null,"2019-12-16T11:45:44.353Z",null
"BB - 1","model_}} - 28","0A7ACADA-01E9-2328-FFC7-2945DF173D00",null,"2019-12-16T11:44:41.770Z",null
"SS - 18","model_oo - 14","0A955230-3EBD-0F44-FF51-58E74C91DD00",null,"2019-12-16T11:45:56.503Z",null
"ZZ - 25","model_qq - 16","0A99D399-28A3-5099-FF73-663C31B3FF00",null,"2019-12-16T11:46:28.441Z",null
"DD - 3","model_rr - 17","0ADFFFE5-8395-C83D-FF0B-9CB965B1A200",null,"2019-12-16T11:44:49.186Z",null
"ZZ - 25","model_aa - 0","0AEB6233-8EA0-2A36-FF7B-D7FE324BA800",null,"2019-12-16T11:46:26.062Z",null
"VV - 21","model_bb - 1","0B588940-9993-63A9-FFFC-2BBB83A21D00",null,"2019-12-16T11:46:08.342Z",null
"QQ - 16","model_gg - 6","0BBFC901-8359-636B-FF6D-2C4E02461200",null,"2019-12-16T11:45:46.296Z",null
"DD - 3","model_dd - 3","0BD3A250-5B62-5CCA-FF28-246F24CD4000",null,"2019-12-16T11:44:46.948Z",null
"\\ - 27","model_gg - 6","0BD5D127-5ACF-1058-FFA3-FE2833F22000",null,"2019-12-16T11:46:35.867Z",null
"NN - 13","model_kk - 10","0C195FAB-F3B9-7E18-FF22-AAC448A70A00",null,"2019-12-16T11:45:33.363Z",null
"VV - 21","model_ss - 18","0C810F58-040E-5737-FF2C-A10516C79200",null,"2019-12-16T11:46:10.853Z",null
"HH - 7","model_xx - 23","0C83215E-F59A-1D02-FF38-8C284E567600",null,"2019-12-16T11:45:08.553Z",null
"UU - 20","model_ww - 22","0CE8A455-D608-177B-FFB3-2337FB2CD600",null,"2019-12-16T11:46:07.022Z",null
"UU - 20","model_ss - 18","0D05AE6D-4E22-122A-FFFC-EFBB0FFE7300",null,"2019-12-16T11:46:06.434Z",null
"WW - 22","model_ii - 8","0D2CC9D6-754F-DEE4-FF85-451F0B4C8F00",null,"2019-12-16T11:46:13.827Z",null
"WW - 22","model_rr - 17","0D36A3FA-F70D-4F4E-FFEB-851C1A18A300",null,"2019-12-16T11:46:15.158Z",null
"RR - 17","model_aa - 0","0D84DB03-4CF4-8430-FFF7-7673AB344700",null,"2019-12-16T11:45:49.911Z",null
"OO - 14","model_dd - 3","0E53DBD7-C9B3-9EAA-FF60-C38B11EE9600",null,"2019-12-16T11:45:36.811Z",null
"BB - 1","model_|| - 27","0EB9A336-9193-33A5-FFC2-B2A127B4AE00",null,"2019-12-16T11:44:41.624Z",null
"RR - 17","model_gg - 6","0EF27D59-AA6D-D1B5-FFE0-20F5BCDD7D00",null,"2019-12-16T11:45:50.809Z",null
"TT - 19","model_rr - 17","0F8794DA-3BDC-1774-FF55-9BD5E8A08500",null,"2019-12-16T11:46:01.808Z",null
"RR - 17","model_ii - 8","0FCB6591-134E-33C4-FF27-6628CCF40800",null,"2019-12-16T11:45:51.110Z",null
"^^ - 29","model_ww - 22","0FF9648E-8D5D-0F2F-FF0D-16A4DBBE6E00",null,"2019-12-16T11:46:47.072Z",null
"\\ - 27","model_cc - 2","1019C054-11E4-3DB9-FF40-A0F3A8B01D00",null,"2019-12-16T11:46:35.251Z",null
"GG - 6","model_ee - 4","101B9803-2A78-F93B-FFD4-40F99074D200",null,"2019-12-16T11:45:00.680Z",null
"EE - 4","model_gg - 6","102D0722-F7A2-03CC-FF18-940CC6A8CC00",null,"2019-12-16T11:44:52.064Z",null
"VV - 21","model_qq - 16","106AD847-B563-5F04-FFEE-4442C935D400",null,"2019-12-16T11:46:10.560Z",null
"XX - 23","model_ii - 8","11840032-7E59-BA50-FF2E-9A0B5D1CA000",null,"2019-12-16T11:46:18.297Z",null
"WW - 22","model_kk - 10","119B5AD0-0CAE-2183-FFC9-2594AF02C100",null,"2019-12-16T11:46:14.123Z",null
"[[ - 26","model_{{ - 26","11C18A92-601C-AD85-FF21-F74E19F58F00",null,"2019-12-16T11:46:34.365Z",null
"]] - 28","model_ee - 4","11FFC24A-E680-FE6B-FF15-13E5F0AD3500",null,"2019-12-16T11:46:39.982Z",null
"DD - 3","model_~~ - 29","1224C52D-B379-41E5-FF93-C2255A1FAD00",null,"2019-12-16T11:44:50.990Z",null
"RR - 17","model_~~ - 29","12828D19-7276-080E-FF7E-4576D577C100",null,"2019-12-16T11:45:54.286Z",null
"HH - 7","model_ii - 8","1287B3D9-3931-E52D-FFAC-177F70D3BE00",null,"2019-12-16T11:45:06.289Z",null
"[[ - 26","model_rr - 17","12B96C1A-F21D-2E7D-FF73-1FCC60232200",null,"2019-12-16T11:46:33.037Z",null
"TT - 19","model_yy - 24","12D5D909-06A9-7672-FF82-2011FF3AA700",null,"2019-12-16T11:46:02.840Z",null
"GG - 6","model_ll - 11","12DA2045-169F-98F0-FFBE-827792B0EF00",null,"2019-12-16T11:45:01.717Z",null
"^^ - 29","model_dd - 3","12EF85CF-31F9-F633-FF42-C4A49FA53200",null,"2019-12-16T11:46:44.260Z",null
"[[ - 26","model_yy - 24","13705706-29EC-C70B-FF46-EABD83493A00",null,"2019-12-16T11:46:34.071Z",null
"FF - 5","model_kk - 10","137FC461-5B7A-4DD7-FF90-692A2FBF6900",null,"2019-12-16T11:44:57.093Z",null
"XX - 23","model_|| - 27","138DF169-2550-BBDB-FF37-888F6CDC3700",null,"2019-12-16T11:46:21.154Z",null
"WW - 22","model_}} - 28","13C38D48-D5B0-2112-FFAE-0BE2085CBF00",null,"2019-12-16T11:46:16.820Z",null
"YY - 24","model_ee - 4","13FEDE7B-1863-BDAC-FFA5-C72D5F759900",null,"2019-12-16T11:46:22.185Z",null
"JJ - 9","model_yy - 24","14C51C88-A2A7-515D-FFBF-21F697410900",null,"2019-12-16T11:45:17.596Z",null
"]] - 28","model_rr - 17","155BFD0B-556E-9713-FF11-131DFD5FC100",null,"2019-12-16T11:46:41.919Z",null
"EE - 4","model_|| - 27","156495FA-ACB0-B6C9-FF84-5928E3E47F00",null,"2019-12-16T11:44:55.179Z",null
"NN - 13","model_ss - 18","15E98024-A94A-3001-FFBF-33463C799100",null,"2019-12-16T11:45:34.555Z",null
"VV - 21","model_{{ - 26","15FB2ED3-53FF-C6C0-FF52-45F940226300",null,"2019-12-16T11:46:12.042Z",null
"SS - 18","model_tt - 19","162E6E47-3E8F-EAD6-FFAC-D7E5298B6C00",null,"2019-12-16T11:45:57.247Z",null
"^^ - 29","model_zz - 25","1635195D-E2A4-7C0A-FF1E-11D7EFEDA200",null,"2019-12-16T11:46:47.517Z",null
"HH - 7","model_tt - 19","1692A83D-316B-A978-FF3A-9F02DAC3E800",null,"2019-12-16T11:45:07.964Z",null
"HH - 7","model_aa - 0","1697B1EE-AA54-E9EE-FF44-7BE913430C00",null,"2019-12-16T11:45:04.938Z",null
"DD - 3","model_|| - 27","169FEC78-0FB9-C44D-FF12-9E0E9FC3C000",null,"2019-12-16T11:44:50.688Z",null
"GG - 6","model_yy - 24","16B19063-B879-E83F-FF8D-59FC6A379400",null,"2019-12-16T11:45:03.639Z",null
"FF - 5","model_vv - 21","176F25E9-6A8A-E6A4-FFB9-373850F27A00",null,"2019-12-16T11:44:58.731Z",null
"^^ - 29","model_bb - 1","17C19735-9A01-2795-FFDD-EAB03E11F300",null,"2019-12-16T11:46:43.968Z",null
"LL - 11","model_yy - 24","17CE35DB-9DCA-5020-FF11-E4C2746C8000",null,"2019-12-16T11:45:26.475Z",null
"WW - 22","model_jj - 9","18313892-C279-15C8-FF52-72BD96045C00",null,"2019-12-16T11:46:13.976Z",null
"LL - 11","model_{{ - 26","1935B7E9-B751-DBE4-FF58-DC64D2988B00",null,"2019-12-16T11:45:26.791Z",null
"NN - 13","model_oo - 14","1959FD34-6CA6-C6B4-FFC7-095296658E00",null,"2019-12-16T11:45:33.954Z",null
"[[ - 26","model_jj - 9","19729E98-431E-1397-FFD3-8D28113F5D00",null,"2019-12-16T11:46:31.856Z",null
"YY - 24","model_ww - 22","19C6F78A-270D-A3FB-FFB2-C69D95631000",null,"2019-12-16T11:46:24.864Z",null
"TT - 19","model_qq - 16","1A1AE7C3-7D30-6755-FF60-AFAF9A47ED00",null,"2019-12-16T11:46:01.660Z",null
"DD - 3","model_tt - 19","1A7E3F0E-89D6-C947-FF92-0770678CBA00",null,"2019-12-16T11:44:49.489Z",null
"AA - 0","model_zz - 25","1AE2C763-582F-31F9-FF91-637687B37900",null,"2019-12-16T11:44:36.818Z",null
"YY - 24","model_ii - 8","1BE79F68-4D3E-9AD7-FF3F-055711538E00",null,"2019-12-16T11:46:22.787Z",null
"ZZ - 25","model_gg - 6","1C5E7CE6-7071-D212-FFF4-10997BF69100",null,"2019-12-16T11:46:26.955Z",null
"YY - 24","model_vv - 21","1C7C1CCE-50BE-2860-FF55-33137C55E100",null,"2019-12-16T11:46:24.719Z",null
"PP - 15","model_}} - 28","1CF67841-A09C-DCE7-FF65-FDF210E84100",null,"2019-12-16T11:45:45.105Z",null
"LL - 11","model_oo - 14","1D46E8FB-ADB9-6CCE-FF88-0111F6DFD700",null,"2019-12-16T11:45:24.984Z",null
"DD - 3","model_}} - 28","1D549261-2C6C-BCC4-FFE9-41E079B14200",null,"2019-12-16T11:44:50.842Z",null
"^^ - 29","model_yy - 24","1D5E7D91-D465-A637-FFEA-B09330F01D00",null,"2019-12-16T11:46:47.366Z",null
"LL - 11","model_ss - 18","1E168F1E-D347-F4D5-FF2D-82E59DEBFA00",null,"2019-12-16T11:45:25.586Z",null
"VV - 21","model_zz - 25","1E502110-BD0C-EE31-FFBE-9657A0E84D00",null,"2019-12-16T11:46:11.890Z",null
"PP - 15","model_yy - 24","1EA4B197-CF4A-F007-FFF8-97CEE53AB900",null,"2019-12-16T11:45:44.504Z",null
"FF - 5","model_ww - 22","1EBBFCD9-D0DB-D8E4-FF9D-236D285E2000",null,"2019-12-16T11:44:58.878Z",null
"[[ - 26","model_~~ - 29","1ED63363-99B2-4205-FF36-04ADEA611500",null,"2019-12-16T11:46:34.810Z",null
"[[ - 26","model_ss - 18","1EDFDBB3-A714-9B09-FF60-68B5DBF38C00",null,"2019-12-16T11:46:33.182Z",null
"XX - 23","model_gg - 6","1EE03DEB-CC65-8F07-FFD7-138734C33A00",null,"2019-12-16T11:46:18.000Z",null
"NN - 13","model_uu - 20","1F44CB73-B109-1DD7-FF98-F568E25A2A00",null,"2019-12-16T11:45:34.856Z",null
"AA - 0","model_ff - 5","1FF27392-C523-2B53-FF48-919D4C4B8300",null,"2019-12-16T11:44:33.809Z",null
"FF - 5","model_yy - 24","213AB0BD-72B1-4E90-FF93-37B15D2C3800",null,"2019-12-16T11:44:59.174Z",null
"EE - 4","model_dd - 3","21601071-225A-6C42-FF2D-70D249D45800",null,"2019-12-16T11:44:51.593Z",null
"NN - 13","model_ll - 11","21730858-F8E0-CE8B-FF02-160897B29100",null,"2019-12-16T11:45:33.510Z",null
"OO - 14","model_ww - 22","2181E208-75C0-BC92-FFD4-3F4A86D70000",null,"2019-12-16T11:45:39.661Z",null
"CC - 2","model_ww - 22","2263C44B-323E-3A7C-FF93-D56BC6819B00",null,"2019-12-16T11:44:45.311Z",null
"PP - 15","model_zz - 25","2291AF54-B30B-08B2-FFF4-A6DA1BE07B00",null,"2019-12-16T11:45:44.653Z",null
"MM - 12","model_bb - 1","22F20020-3841-3ECD-FF14-052A4D7BCB00",null,"2019-12-16T11:45:27.557Z",null
"BB - 1","model_yy - 24","23776929-2291-C4A9-FFC5-350DA9800800",null,"2019-12-16T11:44:41.184Z",null
"AA - 0","model_nn - 13","2410CBBA-B094-0700-FF02-0BD435BC5800",null,"2019-12-16T11:44:35.021Z",null
"RR - 17","model_yy - 24","244B50EB-2842-D874-FF9F-6D66AA690C00",null,"2019-12-16T11:45:53.535Z",null
"II - 8","model_}} - 28","247EAD68-2BF4-4F1F-FF03-1B4B29B11C00",null,"2019-12-16T11:45:13.740Z",null
"DD - 3","model_kk - 10","2492BCCC-3B96-28F8-FFCE-7E5A2F629800",null,"2019-12-16T11:44:48.148Z",null
"]] - 28","model_ss - 18","24FB27C8-174B-ED01-FF0E-C9902ACF8800",null,"2019-12-16T11:46:42.064Z",null
"MM - 12","model_qq - 16","25FBFAD9-7D30-0F7A-FFF6-15BD3A083200",null,"2019-12-16T11:45:29.792Z",null
"]] - 28","model_dd - 3","26198913-A90A-4DDC-FF7A-612EA1A0EB00",null,"2019-12-16T11:46:39.835Z",null
"VV - 21","model_tt - 19","2650D85E-E68D-4701-FFC1-75BB1B29EA00",null,"2019-12-16T11:46:11.000Z",null
"WW - 22","model_nn - 13","26900792-5C01-3DDA-FFDF-D09A8458FA00",null,"2019-12-16T11:46:14.564Z",null
"TT - 19","model_pp - 15","26BD2560-617A-EC49-FF71-F223A22E7700",null,"2019-12-16T11:46:01.513Z",null
"YY - 24","model_nn - 13","271BD635-94E4-4949-FF0B-E2E8925D7D00",null,"2019-12-16T11:46:23.527Z",null
"LL - 11","model_rr - 17","275D4028-3A16-7509-FF18-2FF4D602B900",null,"2019-12-16T11:45:25.438Z",null
"]] - 28","model_|| - 27","2760E2FF-F58A-5A8E-FFC5-1C2C1E6E6A00",null,"2019-12-16T11:46:43.376Z",null
"II - 8","model_ll - 11","27A98F01-9736-6663-FFAE-CD0D7A800200",null,"2019-12-16T11:45:11.215Z",null
"MM - 12","model_ww - 22","27ACABE2-C364-169D-FF3B-0C06D32F3C00",null,"2019-12-16T11:45:30.677Z",null
"SS - 18","model_pp - 15","28151C1B-430A-5C87-FF2D-FD365B66F500",null,"2019-12-16T11:45:56.655Z",null
"BB - 1","model_bb - 1","283EA0E2-9631-C67B-FF96-C9A7E7BC4500",null,"2019-12-16T11:44:37.725Z",null
"AA - 0","model_gg - 6","29498046-013D-F3D4-FF04-B7B8C9037300",null,"2019-12-16T11:44:33.958Z",null
"RR - 17","model_oo - 14","299D03A0-8BFD-2BC9-FFCF-56B05A10DA00",null,"2019-12-16T11:45:52.053Z",null
"EE - 4","model_jj - 9","2A52B0C8-BCF4-EC34-FFE0-2A863D484800",null,"2019-12-16T11:44:52.515Z",null
"KK - 10","model_|| - 27","2ADAEE20-09BE-A413-FFB7-241922C69400",null,"2019-12-16T11:45:22.490Z",null
"OO - 14","model_ss - 18","2B2987DC-843B-DDA9-FFAC-961448B53400",null,"2019-12-16T11:45:39.052Z",null
"SS - 18","model_bb - 1","2B35D938-A36E-3ABE-FF56-F9EFAD16BD00",null,"2019-12-16T11:45:54.576Z",null
"LL - 11","model_hh - 7","2B4819D9-36B7-A4F2-FFA7-E3F03F6F0B00",null,"2019-12-16T11:45:23.960Z",null
"DD - 3","model_aa - 0","2B59D88B-5FAF-C577-FF30-08C94A5B4F00",null,"2019-12-16T11:44:46.500Z",null
"DD - 3","model_jj - 9","2B61B0CF-1A0C-4500-FF5E-9D6E049A7300",null,"2019-12-16T11:44:47.830Z",null
"AA - 0","model_yy - 24","2BB8D445-CD4F-C576-FFD3-7451CC290B00",null,"2019-12-16T11:44:36.670Z",null
"BB - 1","model_tt - 19","2BC126A2-51FC-67BC-FF57-34CC9880E900",null,"2019-12-16T11:44:40.419Z",null
"EE - 4","model_{{ - 26","2BC5D3F9-8C36-DEE8-FFF3-508ECA479000",null,"2019-12-16T11:44:55.030Z",null
"EE - 4","model_mm - 12","2C2FC353-BFFA-270B-FF4D-8E0F82882500",null,"2019-12-16T11:44:52.964Z",null
"WW - 22","model_hh - 7","2CADE4FC-400A-65AB-FF05-4C89D3513D00",null,"2019-12-16T11:46:13.679Z",null
"PP - 15","model_aa - 0","2CDF69B1-6E42-13F0-FFCF-69191F88E700",null,"2019-12-16T11:45:40.866Z",null
"ZZ - 25","model_rr - 17","2D62907F-8BEC-8B50-FF19-18181E8D4B00",null,"2019-12-16T11:46:28.590Z",null
"ZZ - 25","model_jj - 9","2D98E8D4-D5C2-EA21-FF45-33BB5369DD00",null,"2019-12-16T11:46:27.414Z",null
"OO - 14","model_zz - 25","2DCF0D41-ECC3-2F1F-FF72-B77B626AB200",null,"2019-12-16T11:45:40.115Z",null
"KK - 10","model_zz - 25","2E28D0C1-F875-E7F1-FF9A-35A66E2C7200",null,"2019-12-16T11:45:22.197Z",null
"DD - 3","model_bb - 1","2E2DC0F8-FF9C-AFE2-FF74-6F675111EA00",null,"2019-12-16T11:44:46.652Z",null
"II - 8","model_|| - 27","2F36C154-1FA3-5E81-FFBF-AB74B27D1500",null,"2019-12-16T11:45:13.571Z",null
"FF - 5","model_bb - 1","2F3E8650-D52F-015F-FF0D-457146DA1B00",null,"2019-12-16T11:44:55.776Z",null
"NN - 13","model_ff - 5","2F548B4F-0D15-65E0-FFF5-408142644D00",null,"2019-12-16T11:45:32.608Z",null
"II - 8","model_ww - 22","2F73CEF4-F649-95ED-FF8B-B1CFDA4D5700",null,"2019-12-16T11:45:12.835Z",null
"UU - 20","model_ff - 5","2FD3D573-EB39-A786-FFC5-2F8EDBB55F00",null,"2019-12-16T11:46:04.499Z",null
"OO - 14","model_hh - 7","300437E1-7619-C78C-FFF5-85767EAC2A00",null,"2019-12-16T11:45:37.403Z",null
"CC - 2","model_uu - 20","3036818C-2D81-2EF3-FFE3-883FD5979A00",null,"2019-12-16T11:44:45.015Z",null
"II - 8","model_pp - 15","30BEC94D-174C-AE6D-FF3D-7B9ADF22A600",null,"2019-12-16T11:45:11.809Z",null
"HH - 7","model_gg - 6","30FA7263-7DAA-5A7A-FF77-0175E3F97000",null,"2019-12-16T11:45:05.994Z",null
"NN - 13","model_|| - 27","318D2557-69BE-9BB2-FFC3-48AB46FA5700",null,"2019-12-16T11:45:35.919Z",null
"PP - 15","model_ww - 22","31C7F502-F684-0ADE-FFC2-776B34EDFA00",null,"2019-12-16T11:45:44.203Z",null
"JJ - 9","model_ff - 5","31D730D8-63D3-4FC4-FF3E-2FC7950E7100",null,"2019-12-16T11:45:14.776Z",null
"LL - 11","model_}} - 28","31EBE6D9-7EF7-D86D-FF2E-10C628D1F300",null,"2019-12-16T11:45:27.080Z",null
"SS - 18","model_dd - 3","32072DA3-6A4B-B21E-FF80-9E491E1C2E00",null,"2019-12-16T11:45:54.868Z",null
"CC - 2","model_oo - 14","3213AB0D-E8E7-6074-FF2B-A555D840AD00",null,"2019-12-16T11:44:44.125Z",null
"CC - 2","model_}} - 28","32199390-CD9B-7999-FFBE-6D86D4975D00",null,"2019-12-16T11:44:46.201Z",null
"^^ - 29","model_jj - 9","3229F1FB-B823-E0C2-FF4F-E46BD3BB4700",null,"2019-12-16T11:46:45.152Z",null
"\\ - 27","model_}} - 28","326E54B5-835B-AC70-FF04-5022220D1200",null,"2019-12-16T11:46:39.092Z",null
"CC - 2","model_hh - 7","337AFD23-76C6-B82E-FFEB-8B48B79F8900",null,"2019-12-16T11:44:43.100Z",null
"DD - 3","model_cc - 2","33CB1F7A-AF3B-73AD-FFFA-D2465BE4D800",null,"2019-12-16T11:44:46.802Z",null
"^^ - 29","model_ee - 4","35392466-07D3-04AF-FFDD-E51EAE444200",null,"2019-12-16T11:46:44.408Z",null
"QQ - 16","model_hh - 7","353A17A2-E170-9256-FFF7-6D866FBAFA00",null,"2019-12-16T11:45:46.443Z",null
"LL - 11","model_vv - 21","35A7B6A9-5947-8F91-FF1B-15829DBA6800",null,"2019-12-16T11:45:26.032Z",null
"[[ - 26","model_kk - 10","35E786ED-6DE1-DB91-FF2B-ED5FD12BAA00",null,"2019-12-16T11:46:31.999Z",null
"OO - 14","model_nn - 13","3648CB04-15BB-42B6-FF51-6A4FCD25C700",null,"2019-12-16T11:45:38.304Z",null
"[[ - 26","model_hh - 7","3652DFE0-7D1D-7919-FFA9-2778DF945F00",null,"2019-12-16T11:46:31.563Z",null
"WW - 22","model_ff - 5","36743C68-40D5-E8E7-FF30-907186E7C900",null,"2019-12-16T11:46:13.382Z",null
"FF - 5","model_uu - 20","36B6ADDD-6993-1AD0-FF5D-31C86F6AF700",null,"2019-12-16T11:44:58.583Z",null
"\\ - 27","model_xx - 23","372541D0-AE30-5EDD-FF56-C323E4F03D00",null,"2019-12-16T11:46:38.365Z",null
"GG - 6","model_nn - 13","373D128C-6D88-388B-FF2D-DEAC6907DB00",null,"2019-12-16T11:45:02.012Z",null
"LL - 11","model_mm - 12","3740F9F6-BCA3-7BD2-FFEC-D71854577E00",null,"2019-12-16T11:45:24.696Z",null
"ZZ - 25","model_oo - 14","378E881F-FB65-804C-FFF0-81CAB1B36300",null,"2019-12-16T11:46:28.147Z",null
"NN - 13","model_vv - 21","37A55F0F-5A1F-A278-FFDC-A9BBEAF53400",null,"2019-12-16T11:45:35.008Z",null
"AA - 0","model_{{ - 26","37BE846E-7978-81DF-FF0B-88A3843C8100",null,"2019-12-16T11:44:36.969Z",null
"NN - 13","model_tt - 19","37F7710E-12C5-B3D0-FF8B-94D6FF365F00",null,"2019-12-16T11:45:34.703Z",null
"RR - 17","model_bb - 1","38144A78-91CF-9A4A-FF78-478889D16700",null,"2019-12-16T11:45:50.061Z",null
"KK - 10","model_nn - 13","39C165E6-9BEE-CE0B-FFC0-893F3DBF2E00",null,"2019-12-16T11:45:20.421Z",null
"TT - 19","model_~~ - 29","3A7C0DFB-029D-9CB2-FF3C-990286D51A00",null,"2019-12-16T11:46:03.590Z",null
"\\ - 27","model_dd - 3","3AE0E139-960C-4072-FF39-ED83B09D3800",null,"2019-12-16T11:46:35.399Z",null
"BB - 1","model_xx - 23","3B50A24C-EEE9-D362-FF3F-DDADBC62F400",null,"2019-12-16T11:44:41.034Z",null
"FF - 5","model_{{ - 26","3BB86FA0-ECBC-3655-FF85-A9710481E100",null,"2019-12-16T11:44:59.482Z",null
"II - 8","model_zz - 25","3BC34B08-05CE-0187-FF00-117F6EDF7700",null,"2019-12-16T11:45:13.277Z",null
"LL - 11","model_~~ - 29","3BCF5D3A-DB00-42AC-FF0F-1CDB1968EC00",null,"2019-12-16T11:45:27.225Z",null
"[[ - 26","model_qq - 16","3BD76A3E-D51E-9152-FFC6-2428B31C7800",null,"2019-12-16T11:46:32.889Z",null
"GG - 6","model_oo - 14","3BDC7E31-E3E4-C06B-FF6A-F7FF480AA600",null,"2019-12-16T11:45:02.158Z",null
"EE - 4","model_aa - 0","3BE79458-FD49-350F-FF11-E552786CB800",null,"2019-12-16T11:44:51.139Z",null
"KK - 10","model_{{ - 26","3C06DB4B-D147-C467-FF0A-93B96C6CC100",null,"2019-12-16T11:45:22.343Z",null
"\\ - 27","model_yy - 24","3C70A389-EBCE-F6BB-FF69-B51FBDCBC900",null,"2019-12-16T11:46:38.510Z",null
"CC - 2","model_mm - 12","3C9D79B9-5D36-F1FE-FFCE-B3615F651C00",null,"2019-12-16T11:44:43.832Z",null
"KK - 10","model_mm - 12","3CC5811E-D1A4-2DD3-FFEF-FB71E0375400",null,"2019-12-16T11:45:20.273Z",null
"EE - 4","model_pp - 15","3D080B8C-30C3-D9C8-FFC0-D97FCD2DD200",null,"2019-12-16T11:44:53.417Z",null
"RR - 17","model_cc - 2","3E19FA67-C69E-318E-FF5E-58C758418400",null,"2019-12-16T11:45:50.212Z",null
"AA - 0","model_mm - 12","3E2F5FE7-1894-B37D-FFEA-A5C9095C5600",null,"2019-12-16T11:44:34.869Z",null
"FF - 5","model_jj - 9","3E8CA316-AF90-7E99-FFD5-D49502334800",null,"2019-12-16T11:44:56.947Z",null
"HH - 7","model_zz - 25","3ED6A8C5-C1DB-AB15-FF46-349F254E1B00",null,"2019-12-16T11:45:08.853Z",null
"YY - 24","model_ff - 5","3EDF6215-ABE6-7861-FF13-564CC2B7C400",null,"2019-12-16T11:46:22.333Z",null
"[[ - 26","model_tt - 19","3EE3111F-9CA5-6E9F-FF26-4AC6CC2A2C00",null,"2019-12-16T11:46:33.329Z",null
"KK - 10","model_qq - 16","3F3184B5-9F3A-8B4B-FF1F-B133E7BD0800",null,"2019-12-16T11:45:20.863Z",null
"BB - 1","model_ii - 8","3F386654-E9E1-3AD3-FF65-63A08CBE9700",null,"2019-12-16T11:44:38.768Z",null
"CC - 2","model_ss - 18","3F3EFCE1-402E-9E4A-FFD5-BE36028B8B00",null,"2019-12-16T11:44:44.714Z",null
"EE - 4","model_ll - 11","405B06B5-7104-4ED1-FF38-A090B1B44900",null,"2019-12-16T11:44:52.814Z",null
"RR - 17","model_nn - 13","407F4590-965D-8023-FF0D-6F3CA1112600",null,"2019-12-16T11:45:51.903Z",null
"\\ - 27","model_bb - 1","408AD5A3-825B-ADCE-FF33-3DE51D4F4200",null,"2019-12-16T11:46:35.104Z",null
"BB - 1","model_kk - 10","40CC7240-767F-42A0-FFD3-EC01AD560B00",null,"2019-12-16T11:44:39.064Z",null
"DD - 3","model_vv - 21","4157DD58-FEE5-6F52-FFA9-1B21CB4E2000",null,"2019-12-16T11:44:49.787Z",null
"]] - 28","model_mm - 12","418A3A43-1CB4-4536-FFF5-8A4D7B1A3600",null,"2019-12-16T11:46:41.183Z",null
"^^ - 29","model_|| - 27","41FCD106-8A75-3CCB-FF56-8F6F7508BB00",null,"2019-12-16T11:46:47.822Z",null
"PP - 15","model_~~ - 29","4209A857-4E75-2EDD-FFCD-70D5AA372200",null,"2019-12-16T11:45:45.256Z",null
"YY - 24","model_~~ - 29","4272EA6B-B57C-A93D-FFAA-12F90874C600",null,"2019-12-16T11:46:25.909Z",null
"SS - 18","model_{{ - 26","443ADA4D-7B58-D15E-FF53-697BE9AFBB00",null,"2019-12-16T11:45:58.675Z",null
"CC - 2","model_tt - 19","445B8877-9A17-C2D9-FFE2-8ED8D3127B00",null,"2019-12-16T11:44:44.864Z",null
"ZZ - 25","model_yy - 24","44769F0F-965B-CF4E-FF65-5E0B27A7D100",null,"2019-12-16T11:46:29.610Z",null
"YY - 24","model_yy - 24","44C0ABE9-8065-45C3-FF28-EAF029454700",null,"2019-12-16T11:46:25.159Z",null
"KK - 10","model_dd - 3","451549A1-AEEB-7BE1-FFBB-61E2F8449900",null,"2019-12-16T11:45:18.940Z",null
"YY - 24","model_cc - 2","45D59DB2-9797-6B3D-FFF9-F03E43CEB900",null,"2019-12-16T11:46:21.893Z",null
"\\ - 27","model_ff - 5","45D87401-1C0B-EF42-FF40-34C95BFC7B00",null,"2019-12-16T11:46:35.695Z",null
"]] - 28","model_jj - 9","45F5B26A-7876-BDA7-FFDA-E469A7CFF900",null,"2019-12-16T11:46:40.734Z",null
"TT - 19","model_|| - 27","462B2509-40C7-E811-FF47-6E817DD12100",null,"2019-12-16T11:46:03.293Z",null
"PP - 15","model_jj - 9","46CDCE38-AD72-7EE1-FFD5-81025D29F400",null,"2019-12-16T11:45:42.245Z",null
"]] - 28","model_kk - 10","4794034E-8D97-93C8-FF31-ECE11E840800",null,"2019-12-16T11:46:40.887Z",null
"LL - 11","model_qq - 16","47D53D42-521B-853E-FF5D-33BBF7DFEB00",null,"2019-12-16T11:45:25.279Z",null
"HH - 7","model_oo - 14","481BC162-07B7-7BCF-FF00-7226DE38DB00",null,"2019-12-16T11:45:07.222Z",null
"SS - 18","model_mm - 12","48531E39-D28F-D90A-FF48-B8EBB6C60E00",null,"2019-12-16T11:45:56.206Z",null
"OO - 14","model_ii - 8","485A0794-6CD8-B6B5-FF46-C779CBEB5200",null,"2019-12-16T11:45:37.552Z",null
"HH - 7","model_qq - 16","485F980F-2740-C8AB-FF7E-9DAF9B83E000",null,"2019-12-16T11:45:07.515Z",null
"[[ - 26","model_ii - 8","48E00046-75FD-495A-FFF1-14111902F600",null,"2019-12-16T11:46:31.708Z",null
"VV - 21","model_ff - 5","4928A520-A1AD-6C78-FF39-500C5B008200",null,"2019-12-16T11:46:08.930Z",null
"OO - 14","model_gg - 6","498276EB-C619-B340-FF5E-C960B91DF700",null,"2019-12-16T11:45:37.254Z",null
"FF - 5","model_xx - 23","49862F4E-5A22-9CCF-FF33-C4634A4E3C00",null,"2019-12-16T11:44:59.027Z",null
"TT - 19","model_zz - 25","49B0975F-D7A5-8302-FFCB-5EE097871C00",null,"2019-12-16T11:46:02.992Z",null
"WW - 22","model_dd - 3","49B65744-A30A-4239-FF0C-10ABEA3D6600",null,"2019-12-16T11:46:13.087Z",null
"XX - 23","model_uu - 20","49CD43B9-E76B-A9CD-FF97-4EC17C70E100",null,"2019-12-16T11:46:20.093Z",null
"^^ - 29","model_ii - 8","49DE50B1-34FA-575B-FF8E-8378D2845800",null,"2019-12-16T11:46:45.001Z",null
"AA - 0","model_bb - 1","49DFCEE2-4837-50C0-FF03-7182E94EB700",null,"2019-12-16T11:44:33.192Z",null
"CC - 2","model_ee - 4","4A58D5C6-B62C-BB8C-FFCF-F7D870E5AA00",null,"2019-12-16T11:44:42.656Z",null
"VV - 21","model_gg - 6","4A8319A2-9C04-9984-FF58-F0B0E8E94700",null,"2019-12-16T11:46:09.076Z",null
"NN - 13","model_ee - 4","4B3B0D92-9C32-55FD-FFF8-86EDFD22C000",null,"2019-12-16T11:45:32.460Z",null
"^^ - 29","model_oo - 14","4B4F5BDE-6D9E-9026-FF34-9454211D1C00",null,"2019-12-16T11:46:45.888Z",null
"TT - 19","model_aa - 0","4B9209BE-33FC-C0BF-FF97-3454FED2B300",null,"2019-12-16T11:45:59.269Z",null
"AA - 0","model_oo - 14","4BF21ADE-0A50-2FCE-FFFA-C7A3B9095800",null,"2019-12-16T11:44:35.170Z",null
"JJ - 9","model_zz - 25","4CDAF932-DB84-A513-FF13-4A2F14DBCD00",null,"2019-12-16T11:45:17.742Z",null
"AA - 0","model_xx - 23","4CE14EDF-5B41-2207-FFD5-075581D20100",null,"2019-12-16T11:44:36.521Z",null
"ZZ - 25","model_{{ - 26","4D25DB03-26CF-591B-FF69-01592D792100",null,"2019-12-16T11:46:29.902Z",null
"HH - 7","model_mm - 12","4D2C6F6E-E6D0-A23C-FFEB-A523E0F06600",null,"2019-12-16T11:45:06.927Z",null
"NN - 13","model_bb - 1","4D694F3C-03E4-5769-FFE3-3D3DC37B3000",null,"2019-12-16T11:45:32.011Z",null
"\\ - 27","model_ii - 8","4DAD0F84-1050-71A8-FF1E-EE8B95F90A00",null,"2019-12-16T11:46:36.164Z",null
"CC - 2","model_nn - 13","4DBDF84E-FB2A-E5A4-FFA4-53BC7B7EF200",null,"2019-12-16T11:44:43.981Z",null
"VV - 21","model_uu - 20","4DC262E9-6AAF-FC4F-FFE6-E92BB6346700",null,"2019-12-16T11:46:11.149Z",null
"DD - 3","model_uu - 20","4DD3B2A0-FEE6-D51C-FF90-DE6AC2A0BC00",null,"2019-12-16T11:44:49.640Z",null
"OO - 14","model_mm - 12","4DE4BCCC-94D8-1437-FF8F-D6F099E92900",null,"2019-12-16T11:45:38.153Z",null
"FF - 5","model_gg - 6","4E3F3DDD-7073-663E-FF19-6473C8049C00",null,"2019-12-16T11:44:56.507Z",null
"MM - 12","model_ff - 5","4E5961A7-EF1E-81A1-FFAD-D702AD50A500",null,"2019-12-16T11:45:28.142Z",null
"\\ - 27","model_oo - 14","4E8BD095-4A0A-74C5-FFE7-D7D50232AE00",null,"2019-12-16T11:46:37.043Z",null
"RR - 17","model_dd - 3","4EEC9266-5ED4-72D0-FF3A-9D12D4F94000",null,"2019-12-16T11:45:50.360Z",null
"BB - 1","model_jj - 9","4EF821AA-E6FE-48CC-FFE4-1602456CE100",null,"2019-12-16T11:44:38.918Z",null
"]] - 28","model_uu - 20","4F2F1990-BCF3-6A1F-FF50-58983F214F00",null,"2019-12-16T11:46:42.354Z",null
"NN - 13","model_hh - 7","4FDD41FF-4F09-E7A6-FF42-DEE0807E1100",null,"2019-12-16T11:45:32.901Z",null
"XX - 23","model_ww - 22","4FE3EC07-E3F0-0E0F-FF30-77BF4CF93200",null,"2019-12-16T11:46:20.396Z",null
"HH - 7","model_dd - 3","501B7E9C-CD7D-C47D-FF3C-67CB648F5100",null,"2019-12-16T11:45:05.469Z",null
"XX - 23","model_kk - 10","5030AF52-AAB7-8C75-FF68-360983710300",null,"2019-12-16T11:46:18.601Z",null
"YY - 24","model_tt - 19","50C6B111-605A-E174-FF83-0E27D53C8800",null,"2019-12-16T11:46:24.425Z",null
"PP - 15","model_pp - 15","512F2599-E936-7079-FFE8-EDDCC4685900",null,"2019-12-16T11:45:43.141Z",null
"BB - 1","model_gg - 6","51419F21-68CA-2594-FFC2-919BB6512200",null,"2019-12-16T11:44:38.467Z",null
"QQ - 16","model_{{ - 26","51E4C251-0497-E5BD-FF37-1BE3251BE500",null,"2019-12-16T11:45:49.287Z",null
"TT - 19","model_mm - 12","526584EF-6E4B-5B1E-FFBA-A59A8E70CF00",null,"2019-12-16T11:46:01.064Z",null
"[[ - 26","model_oo - 14","52A74137-67C6-28D6-FF02-05A8DB11E500",null,"2019-12-16T11:46:32.593Z",null
"TT - 19","model_kk - 10","52F4BA91-CA1F-BA75-FF13-9F2C440F3500",null,"2019-12-16T11:46:00.767Z",null
"JJ - 9","model_~~ - 29","5347E800-9AB5-FFA7-FFC1-C101567BB300",null,"2019-12-16T11:45:18.341Z",null
"YY - 24","model_oo - 14","53CAD5A4-D062-5F9C-FF65-5B3058D33E00",null,"2019-12-16T11:46:23.677Z",null
"VV - 21","model_nn - 13","54025A55-ED20-3FE0-FFE9-E4E4DD35FA00",null,"2019-12-16T11:46:10.118Z",null
"II - 8","model_uu - 20","540A9AA7-069F-B63B-FFCC-1D559D372500",null,"2019-12-16T11:45:12.548Z",null
"RR - 17","model_ff - 5","542E319F-548F-17DE-FF39-59D7CC0FCD00",null,"2019-12-16T11:45:50.664Z",null
"[[ - 26","model_vv - 21","545565B4-3D66-E05A-FF45-CDE625B1D400",null,"2019-12-16T11:46:33.627Z",null
"II - 8","model_dd - 3","549DB90C-CB61-9EEF-FFD4-DCD6C2A26A00",null,"2019-12-16T11:45:10.034Z",null
"OO - 14","model_}} - 28","54ECDBC9-E2B1-D5B0-FFBA-F7FA47614500",null,"2019-12-16T11:45:40.566Z",null
"II - 8","model_gg - 6","5505768D-03B6-C60E-FFE2-5231F0293E00",null,"2019-12-16T11:45:10.478Z",null
"UU - 20","model_vv - 21","55247254-9D6B-EAF4-FF34-621139BF7F00",null,"2019-12-16T11:46:06.875Z",null
"OO - 14","model_{{ - 26","553024E9-A3F4-1788-FFFF-7F85EA781C00",null,"2019-12-16T11:45:40.267Z",null
"CC - 2","model_gg - 6","55599070-20CE-A982-FF77-7B5194072900",null,"2019-12-16T11:44:42.950Z",null
"OO - 14","model_ll - 11","5572BC31-1402-CB2B-FFBB-F438B886DD00",null,"2019-12-16T11:45:38.000Z",null
"NN - 13","model_jj - 9","55853858-47E6-C8AC-FFE7-D5F8DB44D900",null,"2019-12-16T11:45:33.205Z",null
"SS - 18","model_ee - 4","56CC1C36-B280-C38E-FF81-DD7DF0A45A00",null,"2019-12-16T11:45:55.015Z",null
"II - 8","model_aa - 0","5729BB17-8D57-8970-FF14-E4BA06E30900",null,"2019-12-16T11:45:09.587Z",null
"GG - 6","model_vv - 21","576FC71A-F057-07B2-FFB5-8C938EBAC200",null,"2019-12-16T11:45:03.187Z",null
"II - 8","model_ii - 8","57922069-50F3-95FA-FFC3-5CBB0B596A00",null,"2019-12-16T11:45:10.769Z",null
"WW - 22","model_ll - 11","57F68A0A-D187-3A9E-FF7C-AA21282ACA00",null,"2019-12-16T11:46:14.270Z",null
"MM - 12","model_}} - 28","581092AA-0CAF-ED91-FF29-9666B27BB300",null,"2019-12-16T11:45:31.565Z",null
"^^ - 29","model_gg - 6","58266291-5D6E-7746-FF34-B6FAFAD30700",null,"2019-12-16T11:46:44.706Z",null
"VV - 21","model_|| - 27","58811DB0-A7EA-F2F8-FF72-472905451700",null,"2019-12-16T11:46:12.191Z",null
"SS - 18","model_ll - 11","58CE3DDA-E5EA-1919-FF70-7AD812E71E00",null,"2019-12-16T11:45:56.057Z",null
"BB - 1","model_rr - 17","59091B99-3F72-4F76-FFE6-2FC4C6C52600",null,"2019-12-16T11:44:40.121Z",null
"AA - 0","model_ww - 22","595D47B5-12D5-C7D5-FF26-9980832FD600",null,"2019-12-16T11:44:36.371Z",null
"DD - 3","model_ii - 8","59786341-FE38-CD8B-FFE6-029599CCFE00",null,"2019-12-16T11:44:47.684Z",null
"AA - 0","model_hh - 7","59B2E4CC-D61C-A495-FF42-82BBD4D07100",null,"2019-12-16T11:44:34.107Z",null
"II - 8","model_mm - 12","5A5A4AED-38B4-8D41-FFD6-F04CB0369100",null,"2019-12-16T11:45:11.363Z",null
"EE - 4","model_zz - 25","5AC86A84-6763-3E1E-FF6E-88F0426F3D00",null,"2019-12-16T11:44:54.883Z",null
"EE - 4","model_~~ - 29","5B1FB63F-B1E2-A611-FF1C-3F23CDB1CD00",null,"2019-12-16T11:44:55.478Z",null
"BB - 1","model_pp - 15","5B486966-B403-70AD-FF7A-B1D171FCC500",null,"2019-12-16T11:44:39.822Z",null
"GG - 6","model_zz - 25","5BCEE691-ECCF-9225-FF20-40A0A371A800",null,"2019-12-16T11:45:03.795Z",null
"PP - 15","model_oo - 14","5BFF28BB-AF18-E111-FF4D-E4613CC49300",null,"2019-12-16T11:45:42.993Z",null
"LL - 11","model_uu - 20","5C4633BA-062D-4D41-FFEB-72CF2FD18900",null,"2019-12-16T11:45:25.884Z",null
"SS - 18","model_ii - 8","5C576F32-2142-EC36-FF10-1CD02C8A2600",null,"2019-12-16T11:45:55.609Z",null
"YY - 24","model_xx - 23","5C9AC28A-B2BE-4628-FF34-501544577500",null,"2019-12-16T11:46:25.011Z",null
"VV - 21","model_yy - 24","5E005F50-ADCE-C729-FF3B-02BAEB36A200",null,"2019-12-16T11:46:11.736Z",null
"MM - 12","model_xx - 23","5E085C33-1304-F43F-FF77-E7AEB0797C00",null,"2019-12-16T11:45:30.822Z",null
"TT - 19","model_{{ - 26","5E6F3390-CB8B-875E-FF89-F3C014034100",null,"2019-12-16T11:46:03.142Z",null
"ZZ - 25","model_kk - 10","5ED2C267-6824-D6BB-FF66-AF3C02709E00",null,"2019-12-16T11:46:27.561Z",null
"CC - 2","model_qq - 16","5F3E9EB8-2D88-7648-FFF7-006A3A62ED00",null,"2019-12-16T11:44:44.417Z",null
"UU - 20","model_hh - 7","5F3F86B5-965D-4464-FF5C-E9A83DF3ED00",null,"2019-12-16T11:46:04.799Z",null
"ZZ - 25","model_mm - 12","5F540185-B3EA-61F3-FF6C-8B057E0D5700",null,"2019-12-16T11:46:27.855Z",null
"^^ - 29","model_ll - 11","5FAA65D2-A81B-18FE-FFB7-A69E5E5C0C00",null,"2019-12-16T11:46:45.444Z",null
"VV - 21","model_ww - 22","60001645-C291-B002-FF38-FA58FA6C9D00",null,"2019-12-16T11:46:11.440Z",null
"WW - 22","model_ss - 18","606B1205-CBBF-B086-FF41-919861457400",null,"2019-12-16T11:46:15.307Z",null
"JJ - 9","model_ss - 18","60806513-71AA-1185-FFCB-3E7746E85C00",null,"2019-12-16T11:45:16.716Z",null
"OO - 14","model_qq - 16","6094E4C5-2F9C-D061-FF48-824374BB4300",null,"2019-12-16T11:45:38.754Z",null
"GG - 6","model_aa - 0","60F50FC6-7FEA-B8D8-FF3A-21BE266CB400",null,"2019-12-16T11:45:00.094Z",null
"MM - 12","model_uu - 20","610787F7-ED09-F3BE-FF0E-1835E80FA100",null,"2019-12-16T11:45:30.379Z",null
"OO - 14","model_ee - 4","6124DF6A-618B-C96A-FFDF-67E6F14C1F00",null,"2019-12-16T11:45:36.960Z",null
"^^ - 29","model_hh - 7","61858679-8254-7536-FFE6-50E5DA7E5600",null,"2019-12-16T11:46:44.854Z",null
"TT - 19","model_jj - 9","6199B560-F9D4-F868-FF29-154A0CD7CD00",null,"2019-12-16T11:46:00.617Z",null
"AA - 0","model_kk - 10","61E2C130-02D3-20BE-FF49-5CF919A0F900",null,"2019-12-16T11:44:34.569Z",null
"SS - 18","model_|| - 27","6234813C-692F-E17C-FF19-4145DB0D7B00",null,"2019-12-16T11:45:58.823Z",null
"UU - 20","model_aa - 0","62592C15-DD23-C1BF-FFCE-F604DEC43C00",null,"2019-12-16T11:46:03.737Z",null
"JJ - 9","model_xx - 23","62871898-93C2-F6AA-FFF7-4FEE16113900",null,"2019-12-16T11:45:17.450Z",null
"TT - 19","model_hh - 7","6292CCA1-922E-7C03-FF03-49F15F39BB00",null,"2019-12-16T11:46:00.314Z",null
"FF - 5","model_oo - 14","62A58FCA-7357-37C9-FFB2-85EC04FFD200",null,"2019-12-16T11:44:57.688Z",null
"FF - 5","model_tt - 19","63325FB3-3347-39E0-FFD1-86F6A3879300",null,"2019-12-16T11:44:58.436Z",null
"JJ - 9","model_rr - 17","636317BA-9703-C483-FFB6-9DA7EB934800",null,"2019-12-16T11:45:16.565Z",null
"PP - 15","model_vv - 21","63787510-0FD3-C0AF-FFB7-0751C05F6A00",null,"2019-12-16T11:45:44.054Z",null
"JJ - 9","model_nn - 13","63CA6A41-C22C-CA6B-FF82-DC536C6A9C00",null,"2019-12-16T11:45:15.966Z",null
"LL - 11","model_tt - 19","646B3065-8D39-BF8E-FFDA-69B20DEE5000",null,"2019-12-16T11:45:25.736Z",null
"EE - 4","model_}} - 28","6481EC0E-DE5A-A4C8-FF98-2B04FCF10000",null,"2019-12-16T11:44:55.328Z",null
"]] - 28","model_ll - 11","65253DF0-8864-A92E-FF75-E8D1B1D23F00",null,"2019-12-16T11:46:41.034Z",null
"BB - 1","model_mm - 12","6590F1A4-43F7-369D-FF77-468F1DA1D300",null,"2019-12-16T11:44:39.377Z",null
"HH - 7","model_ll - 11","65B90075-175A-B9E4-FF6D-78AC09464B00",null,"2019-12-16T11:45:06.772Z",null
"HH - 7","model_nn - 13","65D499C5-4C9C-C496-FFB0-0FA76D14AD00",null,"2019-12-16T11:45:07.074Z",null
"MM - 12","model_mm - 12","67357814-B08D-8D2E-FFE8-AC656425E100",null,"2019-12-16T11:45:29.195Z",null
"XX - 23","model_ss - 18","675306C1-9B19-A3EF-FFC6-2273949E7800",null,"2019-12-16T11:46:19.795Z",null
"MM - 12","model_ll - 11","67F66C0B-F62D-CC04-FF33-867A11A12000",null,"2019-12-16T11:45:29.050Z",null
"YY - 24","model_kk - 10","6805BE21-79B6-8DD6-FF7F-B389D48D3200",null,"2019-12-16T11:46:23.080Z",null
"]] - 28","model_cc - 2","680D8962-23A8-C1C6-FF84-A310005F0E00",null,"2019-12-16T11:46:39.684Z",null
"VV - 21","model_ee - 4","6826A76F-F480-413D-FF29-4815CD1F2300",null,"2019-12-16T11:46:08.782Z",null
"JJ - 9","model_pp - 15","68BA81EE-6D8C-9A36-FFE4-77A4AEF27B00",null,"2019-12-16T11:45:16.270Z",null
"SS - 18","model_gg - 6","68F5DB12-988C-F338-FFB0-FAA943583600",null,"2019-12-16T11:45:55.308Z",null
"PP - 15","model_mm - 12","69075DFB-7FCE-250E-FF08-232F13AFC900",null,"2019-12-16T11:45:42.698Z",null
"LL - 11","model_ww - 22","6910D266-9012-65F6-FFEC-A0F7ACEF0300",null,"2019-12-16T11:45:26.179Z",null
"^^ - 29","model_ss - 18","69AD91AA-F618-1DCF-FFBD-57FB034A3A00",null,"2019-12-16T11:46:46.479Z",null
"OO - 14","model_cc - 2","69B28444-2257-5B81-FF40-DEEF11FDF300",null,"2019-12-16T11:45:36.666Z",null
"EE - 4","model_xx - 23","69EA94A1-C409-1CF9-FFE5-3A1B52136A00",null,"2019-12-16T11:44:54.592Z",null
"XX - 23","model_mm - 12","6A080AFF-2965-2F55-FFBE-EF3DFD954F00",null,"2019-12-16T11:46:18.905Z",null
"RR - 17","model_jj - 9","6A12562A-D55A-0C23-FF44-169EB91EDC00",null,"2019-12-16T11:45:51.260Z",null
"PP - 15","model_tt - 19","6A1B3D40-0046-CD54-FF76-F54BD5591600",null,"2019-12-16T11:45:43.750Z",null
"RR - 17","model_hh - 7","6A2A9576-827F-A7EC-FFFF-3F5117EDAA00",null,"2019-12-16T11:45:50.959Z",null
"SS - 18","model_cc - 2","6A90083A-091D-B274-FFA4-40D7BC5E9B00",null,"2019-12-16T11:45:54.722Z",null
"II - 8","model_ff - 5","6AA42350-AB3F-7BC9-FF6F-95708C652C00",null,"2019-12-16T11:45:10.327Z",null
"GG - 6","model_{{ - 26","6AE53411-2C67-88FE-FFAE-5FD893E19200",null,"2019-12-16T11:45:03.979Z",null
"]] - 28","model_nn - 13","6B3A3D38-7479-6746-FF85-FBFA59D6ED00",null,"2019-12-16T11:46:41.331Z",null
"PP - 15","model_|| - 27","6B666C4F-8D41-2BDE-FF3B-738EA29B2400",null,"2019-12-16T11:45:44.953Z",null
"AA - 0","model_pp - 15","6BBA7D3C-7DA7-88F5-FF64-D7D47318CD00",null,"2019-12-16T11:44:35.322Z",null
"XX - 23","model_xx - 23","6C2B9560-F067-BD7A-FF35-1B66E7449000",null,"2019-12-16T11:46:20.544Z",null
"ZZ - 25","model_ww - 22","6C710DC5-5B5F-9FF3-FF41-C87F4756FD00",null,"2019-12-16T11:46:29.318Z",null
"CC - 2","model_{{ - 26","6C8229DD-EFE3-5EC7-FF84-F0222A6A1900",null,"2019-12-16T11:44:45.908Z",null
"MM - 12","model_gg - 6","6CC86A0A-3663-82DD-FF21-104D00F62600",null,"2019-12-16T11:45:28.294Z",null
"XX - 23","model_yy - 24","6CDD473E-A978-F1AD-FFA9-6A0A4DDCFE00",null,"2019-12-16T11:46:20.694Z",null
"GG - 6","model_bb - 1","6D06EBFA-B884-9F70-FF51-A23C0A763900",null,"2019-12-16T11:45:00.243Z",null
"KK - 10","model_hh - 7","6DFCE967-23C7-A916-FFB6-B21B710E2700",null,"2019-12-16T11:45:19.534Z",null
"NN - 13","model_ww - 22","6E8539D3-ABEF-E1AB-FF40-5A6B422F5D00",null,"2019-12-16T11:45:35.163Z",null
"HH - 7","model_uu - 20","6EC1E9F2-5DBE-80F5-FF30-135E7D68A300",null,"2019-12-16T11:45:08.112Z",null
"FF - 5","model_ss - 18","6EF75953-C5D5-4DDE-FF0A-C65AF05E1D00",null,"2019-12-16T11:44:58.292Z",null
"BB - 1","model_hh - 7","6F2CDCA0-6290-4C6B-FFAE-6907F1B6A900",null,"2019-12-16T11:44:38.617Z",null
"^^ - 29","model_pp - 15","6F59697C-B347-0A27-FF68-3C9EFC4CA300",null,"2019-12-16T11:46:46.036Z",null
"VV - 21","model_hh - 7","6FE29649-712F-DD83-FF7C-8C73299FEC00",null,"2019-12-16T11:46:09.221Z",null
"RR - 17","model_tt - 19","6FE48EB4-D297-5EC3-FFB7-E2B4D5396200",null,"2019-12-16T11:45:52.803Z",null
"CC - 2","model_rr - 17","6FE76F37-C49C-AD12-FFC8-C6BF0750D400",null,"2019-12-16T11:44:44.566Z",null
"\\ - 27","model_hh - 7","7053937B-388D-28D5-FF92-CD7863016D00",null,"2019-12-16T11:46:36.018Z",null
"NN - 13","model_ii - 8","707D9D12-D578-5AE9-FFEF-28CDFC2D5E00",null,"2019-12-16T11:45:33.048Z",null
"OO - 14","model_pp - 15","7106692C-0F6B-D0E6-FF31-73F09DE3D200",null,"2019-12-16T11:45:38.604Z",null
"GG - 6","model_ii - 8","71995A9E-2B8D-8762-FF72-CBC6C6CEE800",null,"2019-12-16T11:45:01.278Z",null
"WW - 22","model_gg - 6","71BCAB6D-2884-5094-FFE8-5E5BF25F6C00",null,"2019-12-16T11:46:13.528Z",null
"DD - 3","model_mm - 12","71EA4BF0-8DEA-ECE2-FF52-547239F51300",null,"2019-12-16T11:44:48.443Z",null
"ZZ - 25","model_xx - 23","71F963B7-1A97-AF7E-FF95-DBE6ADB0CE00",null,"2019-12-16T11:46:29.464Z",null
"ZZ - 25","model_}} - 28","7210031F-5AE4-BAA0-FFEF-422638E86100",null,"2019-12-16T11:46:30.195Z",null
"NN - 13","model_cc - 2","7258AD39-A636-E0E0-FFEF-C048DD8AC500",null,"2019-12-16T11:45:32.157Z",null
"II - 8","model_vv - 21","72792B05-FC81-7321-FF3C-3329AA127200",null,"2019-12-16T11:45:12.690Z",null
"EE - 4","model_ss - 18","72CEEEAE-96B9-569E-FF8F-607BA3B74B00",null,"2019-12-16T11:44:53.858Z",null
"JJ - 9","model_|| - 27","72D02850-EAFB-9016-FFB0-770443998500",null,"2019-12-16T11:45:18.044Z",null
"^^ - 29","model_{{ - 26","72D8F0F1-0B2E-9657-FF80-3F0CD56E0500",null,"2019-12-16T11:46:47.673Z",null
"NN - 13","model_nn - 13","730421B7-9006-953E-FF8C-08515F56C700",null,"2019-12-16T11:45:33.806Z",null
"UU - 20","model_tt - 19","738A1687-5235-C6E9-FFEB-E5DC206D8C00",null,"2019-12-16T11:46:06.582Z",null
"YY - 24","model_gg - 6","73CCC086-7F53-C15D-FFAC-E15108F04400",null,"2019-12-16T11:46:22.483Z",null
"DD - 3","model_pp - 15","73EA5C88-0D7E-D33D-FF2A-2B125713D400",null,"2019-12-16T11:44:48.888Z",null
"\\ - 27","model_rr - 17","7411EBC0-993D-B206-FF48-75FAC810D100",null,"2019-12-16T11:46:37.482Z",null
"XX - 23","model_qq - 16","7426E406-3CF2-60A6-FF81-233FEB49AF00",null,"2019-12-16T11:46:19.498Z",null
"TT - 19","model_ll - 11","743B0714-945E-64EF-FF68-03C0B2F2F200",null,"2019-12-16T11:46:00.916Z",null
"UU - 20","model_{{ - 26","74716C6F-DDF7-1A0E-FF79-8A3440E9AB00",null,"2019-12-16T11:46:07.611Z",null
"FF - 5","model_ee - 4","7527C9BB-CBF5-B512-FF70-BA988F6E6700",null,"2019-12-16T11:44:56.218Z",null
"RR - 17","model_ee - 4","759FAB62-E63F-84FE-FF5C-CA6261B72C00",null,"2019-12-16T11:45:50.511Z",null
"^^ - 29","model_mm - 12","75B0EDC5-C0A9-5411-FF67-E12F6ABEA800",null,"2019-12-16T11:46:45.592Z",null
"UU - 20","model_ll - 11","75C8DE2E-4A05-1D11-FFEE-00D0511FFA00",null,"2019-12-16T11:46:05.393Z",null
"CC - 2","model_zz - 25","75D012DB-2E14-D7EC-FFCE-4C6F746DAD00",null,"2019-12-16T11:44:45.762Z",null
"\\ - 27","model_|| - 27","75DA44CA-7C93-9C9E-FFC2-A4AE93461300",null,"2019-12-16T11:46:38.946Z",null
"RR - 17","model_ss - 18","75FB7416-CE6A-41F6-FF09-9A0512EC3C00",null,"2019-12-16T11:45:52.658Z",null
"ZZ - 25","model_zz - 25","764BF66F-331A-855A-FFEB-2DA7E2C18500",null,"2019-12-16T11:46:29.757Z",null
"AA - 0","model_tt - 19","76BF1EC8-EA90-2667-FFBB-3A1B923C5000",null,"2019-12-16T11:44:35.919Z",null
"WW - 22","model_zz - 25","76FA1F9F-829D-E490-FF38-021B613E9B00",null,"2019-12-16T11:46:16.361Z",null
"]] - 28","model_ii - 8","7726FABE-93D5-6686-FF65-F2C2F8523E00",null,"2019-12-16T11:46:40.583Z",null
"GG - 6","model_hh - 7","773233A3-DE0A-7AB0-FF17-AD4FDDE80100",null,"2019-12-16T11:45:01.126Z",null
"VV - 21","model_ll - 11","778090C8-B115-9F33-FF07-F5804FAEAD00",null,"2019-12-16T11:46:09.825Z",null
"[[ - 26","model_aa - 0","77D8F8C8-8593-C91D-FF61-DD07DFBD9C00",null,"2019-12-16T11:46:30.491Z",null
"FF - 5","model_|| - 27","78B4F521-B1E6-D434-FFE0-2F1E5A575D00",null,"2019-12-16T11:44:59.630Z",null
"\\ - 27","model_mm - 12","78BBE8D7-4AEF-1438-FF5B-C150EF7A0A00",null,"2019-12-16T11:46:36.754Z",null
"^^ - 29","model_nn - 13","7949E6D0-EE44-334F-FFC7-7205149EBF00",null,"2019-12-16T11:46:45.739Z",null
"FF - 5","model_zz - 25","79C5614B-0E59-B15C-FFA3-A198F9D83500",null,"2019-12-16T11:44:59.333Z",null
"EE - 4","model_ff - 5","7A10DC83-A841-46D4-FF61-D5EB98D5BA00",null,"2019-12-16T11:44:51.901Z",null
"RR - 17","model_}} - 28","7A36888D-7D7E-2600-FF73-C743808B2900",null,"2019-12-16T11:45:54.142Z",null
"]] - 28","model_aa - 0","7B35F0E4-E667-C319-FF4B-D7A63C03D500",null,"2019-12-16T11:46:39.389Z",null
"ZZ - 25","model_ff - 5","7B9CB79E-76DE-0F9C-FF48-451B7B970400",null,"2019-12-16T11:46:26.807Z",null
"MM - 12","model_yy - 24","7BD0DE0D-600F-C830-FF7A-CC8D121CFB00",null,"2019-12-16T11:45:30.972Z",null
"UU - 20","model_nn - 13","7C49E14F-5183-E5BB-FFD6-66450E211E00",null,"2019-12-16T11:46:05.687Z",null
"^^ - 29","model_tt - 19","7C6DE791-0D3A-B6AF-FFEC-9BF48D492300",null,"2019-12-16T11:46:46.627Z",null
"XX - 23","model_rr - 17","7CCC3EEB-199D-A33B-FF6C-209491DC7A00",null,"2019-12-16T11:46:19.646Z",null
"CC - 2","model_cc - 2","7CF11A51-1CA3-7849-FFB8-2439B1489200",null,"2019-12-16T11:44:42.358Z",null
"FF - 5","model_}} - 28","7D1AF517-5A03-CC37-FF6C-C097BCA7DA00",null,"2019-12-16T11:44:59.772Z",null
"JJ - 9","model_cc - 2","7D1B862F-1213-F2B8-FF1A-6211AB524F00",null,"2019-12-16T11:45:14.332Z",null
"LL - 11","model_nn - 13","7D3DF49C-31C7-EEDA-FF20-C9B8AB534000",null,"2019-12-16T11:45:24.839Z",null
"VV - 21","model_cc - 2","7D8FB843-5F1A-F090-FF8D-993913EEC400",null,"2019-12-16T11:46:08.487Z",null
"HH - 7","model_{{ - 26","7D9B47E4-DFDD-B2FF-FF57-CC3E2CB3D500",null,"2019-12-16T11:45:09.000Z",null
"WW - 22","model_cc - 2","7DABAF22-3676-9357-FF67-9C33C78A6E00",null,"2019-12-16T11:46:12.934Z",null
"WW - 22","model_ww - 22","7F09F0AA-77B4-FA75-FFA5-72A904A28300",null,"2019-12-16T11:46:15.911Z",null
"OO - 14","model_xx - 23","7F752BA6-CB8C-D0F1-FF32-9C2ED1DDAE00",null,"2019-12-16T11:45:39.817Z",null
"SS - 18","model_ww - 22","7FC59F27-9A7E-9E31-FFC5-374CD3E0B800",null,"2019-12-16T11:45:57.692Z",null
"DD - 3","model_ff - 5","7FD366E6-A8E6-0EB3-FFEA-8412EA2EF900",null,"2019-12-16T11:44:47.241Z",null
"FF - 5","model_ll - 11","8022A614-E822-76C0-FFB0-56BE980C4B00",null,"2019-12-16T11:44:57.242Z",null
"BB - 1","model_nn - 13","804A301C-3BB8-1CB7-FF0F-FE9BD520A900",null,"2019-12-16T11:44:39.526Z",null
"QQ - 16","model_rr - 17","80B2C3A9-7EEA-2D0F-FFA2-B6497873BD00",null,"2019-12-16T11:45:47.916Z",null
"BB - 1","model_qq - 16","80DFACED-79CA-333F-FFF7-A59F9C526700",null,"2019-12-16T11:44:39.972Z",null
"\\ - 27","model_kk - 10","8111C10F-94C6-2FC3-FF63-89ED1779CB00",null,"2019-12-16T11:46:36.459Z",null
"TT - 19","model_cc - 2","8116AB59-941D-4506-FF9D-5F931C63FE00",null,"2019-12-16T11:45:59.567Z",null
"KK - 10","model_ll - 11","811C0D55-3137-F208-FFB6-738C14F34200",null,"2019-12-16T11:45:20.125Z",null
"KK - 10","model_ww - 22","8124990F-9C65-8F16-FFE8-E88AACD2EE00",null,"2019-12-16T11:45:21.746Z",null
"EE - 4","model_kk - 10","8143089F-502D-E7FC-FF37-4A83FD02E200",null,"2019-12-16T11:44:52.666Z",null
"YY - 24","model_}} - 28","815D3169-B68D-CC54-FFAC-45899FB59B00",null,"2019-12-16T11:46:25.763Z",null
"SS - 18","model_vv - 21","81788886-7B2B-42F9-FF9D-CA8B64C21400",null,"2019-12-16T11:45:57.543Z",null
"JJ - 9","model_gg - 6","81D53ECA-61DA-9409-FFC5-AC3F34CAEA00",null,"2019-12-16T11:45:14.924Z",null
"[[ - 26","model_pp - 15","829877E5-D470-B4FD-FFBE-A5DC0B47F000",null,"2019-12-16T11:46:32.739Z",null
"PP - 15","model_hh - 7","82E24180-FB7F-D9BE-FF62-8B4B1D3B6800",null,"2019-12-16T11:45:41.944Z",null
"OO - 14","model_kk - 10","831C6B33-8A71-CBE8-FF1F-ED7B218DE700",null,"2019-12-16T11:45:37.851Z",null
"GG - 6","model_xx - 23","83D4B977-DA33-3091-FF15-C3EC08574B00",null,"2019-12-16T11:45:03.489Z",null
"UU - 20","model_cc - 2","83FE0138-ED03-9084-FF6A-91A47E4F7900",null,"2019-12-16T11:46:04.041Z",null
"[[ - 26","model_cc - 2","857FCA20-A3E7-4294-FFE2-42D6709B7C00",null,"2019-12-16T11:46:30.790Z",null
"CC - 2","model_yy - 24","85DAC85E-25C6-4152-FFFE-177C248B1900",null,"2019-12-16T11:44:45.616Z",null
"MM - 12","model_zz - 25","8617B38F-7E4D-D94F-FF8F-90E9A9821D00",null,"2019-12-16T11:45:31.123Z",null
"\\ - 27","model_nn - 13","864A4D1B-7B22-722E-FFC9-6CDC50AA5300",null,"2019-12-16T11:46:36.899Z",null
"II - 8","model_jj - 9","8685BDD0-2C6E-A907-FF21-7023E751AD00",null,"2019-12-16T11:45:10.916Z",null
"EE - 4","model_tt - 19","86B59276-B7B8-1F67-FF7C-60735FFA8500",null,"2019-12-16T11:44:54.009Z",null
"BB - 1","model_{{ - 26","86B5BF71-89C4-F091-FF4B-E195A7E30700",null,"2019-12-16T11:44:41.478Z",null
"NN - 13","model_}} - 28","86D46FEB-E396-265D-FF04-8316F4229900",null,"2019-12-16T11:45:36.068Z",null
"DD - 3","model_nn - 13","8725DF46-27E3-6DA9-FFE5-8A89140DD700",null,"2019-12-16T11:44:48.591Z",null
"QQ - 16","model_|| - 27","8764A2CB-0132-9CCF-FFC2-26F1484C0D00",null,"2019-12-16T11:45:49.435Z",null
"XX - 23","model_cc - 2","8796071A-743C-7276-FF1A-C80B4B363E00",null,"2019-12-16T11:46:17.411Z",null
"WW - 22","model_~~ - 29","88921F7E-3BA5-07F0-FFC8-020615F5FB00",null,"2019-12-16T11:46:16.972Z",null
"MM - 12","model_aa - 0","8899141D-6E7E-8861-FF8D-7BBD9F43D400",null,"2019-12-16T11:45:27.400Z",null
"QQ - 16","model_jj - 9","88B51CD9-168B-106B-FFB0-3164DE897C00",null,"2019-12-16T11:45:46.740Z",null
"II - 8","model_cc - 2","891A327F-5D3F-29E9-FFCA-11755AC2FE00",null,"2019-12-16T11:45:09.882Z",null
"II - 8","model_nn - 13","89A61860-CDC4-CF4C-FFED-47F5B0712900",null,"2019-12-16T11:45:11.510Z",null
"OO - 14","model_ff - 5","89F806CB-330F-1920-FF2C-87BA85C16000",null,"2019-12-16T11:45:37.107Z",null
"NN - 13","model_rr - 17","8A0D1B3C-40C1-A88C-FF23-6FD5C6B49F00",null,"2019-12-16T11:45:34.405Z",null
"TT - 19","model_gg - 6","8A269635-64E3-C972-FF0B-E47DEB389600",null,"2019-12-16T11:46:00.163Z",null
"LL - 11","model_ii - 8","8A2A7197-019E-9E35-FFDE-B6E04EEA8C00",null,"2019-12-16T11:45:24.105Z",null
"OO - 14","model_uu - 20","8AA09E4E-5EB2-1A32-FF47-A9192EFF8C00",null,"2019-12-16T11:45:39.360Z",null
"II - 8","model_hh - 7","8AAC686F-2543-9FC1-FF4F-C7D076D04C00",null,"2019-12-16T11:45:10.625Z",null
"CC - 2","model_bb - 1","8B0A2605-5FBD-3855-FFB0-849A0FD30200",null,"2019-12-16T11:44:42.211Z",null
"]] - 28","model_oo - 14","8B12E24E-1D79-293B-FFD9-1694E57EAE00",null,"2019-12-16T11:46:41.477Z",null
"DD - 3","model_ee - 4","8B356D0E-464F-0B6E-FF9D-B927F1424000",null,"2019-12-16T11:44:47.094Z",null
"SS - 18","model_}} - 28","8BA8B0D5-9137-C863-FFF1-D3D501BA4C00",null,"2019-12-16T11:45:58.973Z",null
"CC - 2","model_aa - 0","8C0BBD17-0998-390E-FF29-55D17D51D500",null,"2019-12-16T11:44:42.064Z",null
"DD - 3","model_ww - 22","8CA31CBF-63E2-D78F-FF9D-B4C51CD0F500",null,"2019-12-16T11:44:49.933Z",null
"II - 8","model_oo - 14","8CE4434B-9822-6057-FF40-215387E40B00",null,"2019-12-16T11:45:11.660Z",null
"HH - 7","model_|| - 27","8D02FF66-F86B-25A6-FFCF-86D3DBF78700",null,"2019-12-16T11:45:09.147Z",null
"II - 8","model_rr - 17","8DF64845-4623-607C-FF5A-06BE409BA600",null,"2019-12-16T11:45:12.104Z",null
"]] - 28","model_ww - 22","8E03F26A-FD2A-3B1C-FF0C-7D1A01E5A100",null,"2019-12-16T11:46:42.646Z",null
"^^ - 29","model_vv - 21","8E2D2697-A331-07B0-FFBC-4AAAA1284700",null,"2019-12-16T11:46:46.925Z",null
"[[ - 26","model_zz - 25","8E5D981D-5391-0031-FF76-C47290238D00",null,"2019-12-16T11:46:34.219Z",null
"PP - 15","model_nn - 13","8E85BA46-931E-BE42-FF4A-55B8AF7E4900",null,"2019-12-16T11:45:42.845Z",null
"II - 8","model_kk - 10","8EA4905E-5706-EB7F-FF7C-4FDABAB74800",null,"2019-12-16T11:45:11.063Z",null
"JJ - 9","model_ii - 8","8EF9E4DA-53CB-8CC9-FF7F-6EC93FDD7900",null,"2019-12-16T11:45:15.223Z",null
"UU - 20","model_uu - 20","8F3DBC09-41A4-345E-FFD7-96E35D57A800",null,"2019-12-16T11:46:06.728Z",null
"HH - 7","model_ff - 5","8FBC1B32-E1F4-291A-FFAB-1719B1D39700",null,"2019-12-16T11:45:05.838Z",null
"VV - 21","model_aa - 0","8FD88D20-E957-AD7E-FF55-E75890B60900",null,"2019-12-16T11:46:08.197Z",null
"^^ - 29","model_kk - 10","8FFE321B-91AA-186D-FF28-45163706CF00",null,"2019-12-16T11:46:45.298Z",null
"BB - 1","model_dd - 3","8FFF24FE-FD22-61FD-FF3C-82653B0D2400",null,"2019-12-16T11:44:38.020Z",null
"^^ - 29","model_cc - 2","900B2BDA-C2B6-03FE-FFE5-8993541AA100",null,"2019-12-16T11:46:44.114Z",null
"GG - 6","model_cc - 2","907061F1-10BF-ECF2-FF0E-D9CC0D78C900",null,"2019-12-16T11:45:00.386Z",null
"AA - 0","model_jj - 9","91110769-F859-B764-FF42-395170063C00",null,"2019-12-16T11:44:34.418Z",null
"BB - 1","model_aa - 0","9134D7D2-DBE5-A5A9-FFEA-ACABDEEF4300",null,"2019-12-16T11:44:37.569Z",null
"XX - 23","model_}} - 28","91904791-B56E-787B-FFF5-46C0305DC100",null,"2019-12-16T11:46:21.301Z",null
"QQ - 16","model_xx - 23","9197BB31-A097-6DD9-FF11-AD6D1208CF00",null,"2019-12-16T11:45:48.821Z",null
"[[ - 26","model_ee - 4","91A0BD52-4A41-78A9-FFCD-D0E661BA2600",null,"2019-12-16T11:46:31.084Z",null
"BB - 1","model_vv - 21","92A5DDC4-CB2D-4002-FF1B-506B9AAF0D00",null,"2019-12-16T11:44:40.738Z",null
"AA - 0","model_qq - 16","92C2E8AC-A609-BAAD-FFF5-527571692C00",null,"2019-12-16T11:44:35.472Z",null
"XX - 23","model_tt - 19","931D5471-5197-0A8A-FFCE-210A58CBD000",null,"2019-12-16T11:46:19.942Z",null
"HH - 7","model_cc - 2","9342C457-A2EF-AD4B-FF1D-DE120591C900",null,"2019-12-16T11:45:05.275Z",null
"II - 8","model_yy - 24","938F7698-B301-0160-FF37-1B72CA46FC00",null,"2019-12-16T11:45:13.131Z",null
"UU - 20","model_pp - 15","93FF397A-3F68-AC3C-FF3F-2C067AB3D900",null,"2019-12-16T11:46:05.989Z",null
"SS - 18","model_ss - 18","94712B62-FCB2-61B5-FFDC-3FD78B6D2400",null,"2019-12-16T11:45:57.099Z",null
"PP - 15","model_dd - 3","9485A525-FE8A-24C7-FF0B-DBBDA83C8200",null,"2019-12-16T11:45:41.318Z",null
"MM - 12","model_ee - 4","9493A70F-D6A1-9003-FF3B-B6268108FA00",null,"2019-12-16T11:45:27.995Z",null
"NN - 13","model_yy - 24","95D58E9A-2268-55EF-FF83-E0977D67AB00",null,"2019-12-16T11:45:35.464Z",null
"^^ - 29","model_xx - 23","95D6801E-E57A-2706-FF2E-98D6D6D99700",null,"2019-12-16T11:46:47.218Z",null
"RR - 17","model_qq - 16","9607C77D-5C26-B34A-FFD8-4675174E8900",null,"2019-12-16T11:45:52.370Z",null
"\\ - 27","model_ss - 18","9625B019-C8D8-1364-FFB5-2B3F34935000",null,"2019-12-16T11:46:37.628Z",null
"RR - 17","model_xx - 23","964D65A4-8D3C-3136-FF1E-5320F07D3C00",null,"2019-12-16T11:45:53.388Z",null
"YY - 24","model_uu - 20","965A9C5D-7720-4AF6-FF94-2471E038EC00",null,"2019-12-16T11:46:24.572Z",null
"WW - 22","model_ee - 4","96F0D577-40E1-20C1-FFFE-100FA3E23800",null,"2019-12-16T11:46:13.236Z",null
"GG - 6","model_jj - 9","97483871-3556-6E4D-FF21-2EF3881A3400",null,"2019-12-16T11:45:01.425Z",null
"GG - 6","model_rr - 17","975F6EA5-DF1B-5151-FF4A-4159AB517A00",null,"2019-12-16T11:45:02.601Z",null
"AA - 0","model_rr - 17","9769879F-E52C-296D-FFFF-02885314D600",null,"2019-12-16T11:44:35.621Z",null
"YY - 24","model_ss - 18","97BB600C-81FA-215B-FF1D-802C68B16B00",null,"2019-12-16T11:46:24.276Z",null
"FF - 5","model_nn - 13","97D97D7C-C7D1-734A-FF6E-5F3D1A8BCC00",null,"2019-12-16T11:44:57.538Z",null
"QQ - 16","model_yy - 24","97E252EE-E20F-B59D-FF05-143727040700",null,"2019-12-16T11:45:48.974Z",null
"GG - 6","model_tt - 19","981272E9-212E-D6F5-FFDA-682D3F99A000",null,"2019-12-16T11:45:02.894Z",null
"AA - 0","model_}} - 28","9859727E-DC05-9718-FF0E-17A12CD9A200",null,"2019-12-16T11:44:37.271Z",null
"VV - 21","model_mm - 12","990CD77C-F727-D9E0-FF84-672BE2322C00",null,"2019-12-16T11:46:09.972Z",null
"SS - 18","model_xx - 23","999459B0-7FCE-9248-FF7B-59C6450CCC00",null,"2019-12-16T11:45:57.844Z",null
"KK - 10","model_cc - 2","99A05002-58C0-C8F8-FFF5-56C54EF93B00",null,"2019-12-16T11:45:18.791Z",null
"BB - 1","model_ll - 11","99A05040-1983-6BD0-FFD4-F4F87DE6A100",null,"2019-12-16T11:44:39.229Z",null
"LL - 11","model_ll - 11","99DA611C-819D-FC85-FF9A-FFBB80C46B00",null,"2019-12-16T11:45:24.546Z",null
"MM - 12","model_dd - 3","9A31DCD0-9EF2-1CA9-FFEB-60034E8FFE00",null,"2019-12-16T11:45:27.849Z",null
"MM - 12","model_kk - 10","9A989679-47F6-CFA5-FF69-2F78B2821800",null,"2019-12-16T11:45:28.898Z",null
"SS - 18","model_yy - 24","9AA17BD9-0E48-79C0-FFDD-9236BD698300",null,"2019-12-16T11:45:58.349Z",null
"KK - 10","model_kk - 10","9AEB4280-8306-13D4-FF01-18E267114C00",null,"2019-12-16T11:45:19.978Z",null
"NN - 13","model_zz - 25","9B244546-4ED7-FCBB-FF82-4750E3816A00",null,"2019-12-16T11:45:35.621Z",null
"CC - 2","model_pp - 15","9B5EC0AE-3C3F-6495-FFC2-27F4E7F4BC00",null,"2019-12-16T11:44:44.270Z",null
"PP - 15","model_ii - 8","9B89F81F-CBF5-0C17-FFE5-B67E210F5300",null,"2019-12-16T11:45:42.096Z",null
"OO - 14","model_oo - 14","9B998770-7EA4-6856-FFB4-6DFB13AF5D00",null,"2019-12-16T11:45:38.455Z",null
"TT - 19","model_ww - 22","9BE012BD-9568-8C32-FFEE-298A78A29D00",null,"2019-12-16T11:46:02.536Z",null
"EE - 4","model_cc - 2","9BE11CDA-BC6C-0C32-FF2F-E6B0FEB9AF00",null,"2019-12-16T11:44:51.445Z",null
"GG - 6","model_pp - 15","9C1E0E9E-5F3F-0F68-FF0E-A01E63A67500",null,"2019-12-16T11:45:02.307Z",null
"ZZ - 25","model_bb - 1","9C99233D-574D-0BA6-FF02-5D9B5925E600",null,"2019-12-16T11:46:26.214Z",null
"NN - 13","model_pp - 15","9CD81556-70F3-D68E-FF62-374C675B1F00",null,"2019-12-16T11:45:34.108Z",null
"[[ - 26","model_xx - 23","9CED843F-B3F1-D2EE-FFA3-1FD6A900D500",null,"2019-12-16T11:46:33.924Z",null
"GG - 6","model_ff - 5","9D69D2D6-D510-4838-FF7E-28FC8CFD5A00",null,"2019-12-16T11:45:00.827Z",null
"CC - 2","model_|| - 27","9DA71FEC-40FF-1D56-FF0A-A3C2AB3C2400",null,"2019-12-16T11:44:46.053Z",null
"JJ - 9","model_{{ - 26","9DDB2690-AC26-E6FA-FF62-3E00EB1DA000",null,"2019-12-16T11:45:17.894Z",null
"YY - 24","model_mm - 12","9DDD557B-5122-2742-FFBD-4CF2A3436900",null,"2019-12-16T11:46:23.375Z",null
"QQ - 16","model_cc - 2","9DDE690A-82BA-1F50-FFE5-08884CE3C200",null,"2019-12-16T11:45:45.704Z",null
"BB - 1","model_ww - 22","9F422363-4886-01E1-FFC1-818A93754B00",null,"2019-12-16T11:44:40.887Z",null
"\\ - 27","model_ww - 22","9FFBFD62-87CA-FDA8-FFC9-F76290F23F00",null,"2019-12-16T11:46:38.213Z",null
"GG - 6","model_ss - 18","A009631D-0E3D-B2D8-FF5B-82F1608B5300",null,"2019-12-16T11:45:02.749Z",null
"GG - 6","model_mm - 12","A024E70B-5812-58CB-FFEC-D425E8B18700",null,"2019-12-16T11:45:01.863Z",null
"KK - 10","model_xx - 23","A156F095-A8D1-089D-FFF2-46101C47B700",null,"2019-12-16T11:45:21.894Z",null
"LL - 11","model_jj - 9","A18B2DAE-E17E-A3FD-FFE9-99B9DFE24B00",null,"2019-12-16T11:45:24.252Z",null
"\\ - 27","model_tt - 19","A1D7D675-E75E-6B2E-FF69-2470B3EA4F00",null,"2019-12-16T11:46:37.773Z",null
"QQ - 16","model_~~ - 29","A21A5682-28EF-86AF-FF8E-F06B882E1A00",null,"2019-12-16T11:45:49.761Z",null
"NN - 13","model_{{ - 26","A21C5627-A78B-F356-FFED-652477BE3300",null,"2019-12-16T11:45:35.770Z",null
"YY - 24","model_qq - 16","A290CB16-2DC1-14A0-FFBF-D61D3CE32A00",null,"2019-12-16T11:46:23.977Z",null
"II - 8","model_qq - 16","A298946A-252A-61BB-FF70-2D3693623B00",null,"2019-12-16T11:45:11.956Z",null
"VV - 21","model_~~ - 29","A319E189-04C1-B24F-FFC9-291B7E99E300",null,"2019-12-16T11:46:12.489Z",null
"\\ - 27","model_uu - 20","A415A27C-7F52-0C16-FF2B-F59E325A0400",null,"2019-12-16T11:46:37.919Z",null
"RR - 17","model_|| - 27","A41C49E9-455B-1778-FFC0-1275465F5800",null,"2019-12-16T11:45:53.996Z",null
"CC - 2","model_jj - 9","A482ECB8-6690-1489-FF22-26C953466700",null,"2019-12-16T11:44:43.393Z",null
"HH - 7","model_bb - 1","A4A5D79E-ED0B-AB81-FFFD-D4E62569B600",null,"2019-12-16T11:45:05.083Z",null
"JJ - 9","model_bb - 1","A5EF422B-4683-B2F7-FF52-D3D12D9CB700",null,"2019-12-16T11:45:14.182Z",null
"CC - 2","model_dd - 3","A65FEDF9-36AC-E506-FF5C-009843701100",null,"2019-12-16T11:44:42.507Z",null
"LL - 11","model_ee - 4","A6A10BA1-AA4F-1EB7-FFD9-0CD013DFB700",null,"2019-12-16T11:45:23.525Z",null
"RR - 17","model_rr - 17","A6AC040C-C7A3-1073-FFB4-BA8647862300",null,"2019-12-16T11:45:52.514Z",null
"ZZ - 25","model_vv - 21","A723CF69-A035-F5F8-FF9D-B46005EE7700",null,"2019-12-16T11:46:29.174Z",null
"UU - 20","model_oo - 14","A7734151-D174-E420-FF2E-64A06A178500",null,"2019-12-16T11:46:05.837Z",null
"LL - 11","model_kk - 10","A80D7A77-D3BE-906B-FFD5-630424D96300",null,"2019-12-16T11:45:24.397Z",null
"XX - 23","model_ll - 11","A81D8B81-32C1-F2E6-FF97-CEAB4231C500",null,"2019-12-16T11:46:18.754Z",null
"AA - 0","model_~~ - 29","A85B4A48-FC8B-0C91-FF6B-34D3627AF600",null,"2019-12-16T11:44:37.420Z",null
"PP - 15","model_kk - 10","A88763BE-44F9-C0AB-FF5E-DD8C39A4C100",null,"2019-12-16T11:45:42.395Z",null
"JJ - 9","model_jj - 9","A89F5DEA-4060-A94F-FFA5-C3EE42D17900",null,"2019-12-16T11:45:15.370Z",null
"\\ - 27","model_ll - 11","A8F6AAFE-5320-4F22-FF55-B920CD634400",null,"2019-12-16T11:46:36.609Z",null
"GG - 6","model_~~ - 29","A90F93AB-4E83-912D-FF10-48212E42C000",null,"2019-12-16T11:45:04.788Z",null
"KK - 10","model_gg - 6","A94B3B60-4398-B3BD-FFC6-9DCCE645EC00",null,"2019-12-16T11:45:19.384Z",null
"NN - 13","model_~~ - 29","A9DDECB1-CFDD-1181-FF70-DE3DC2CC3100",null,"2019-12-16T11:45:36.216Z",null
"JJ - 9","model_dd - 3","A9EC2291-61B4-1D12-FFB8-54592D375000",null,"2019-12-16T11:45:14.487Z",null
"AA - 0","model_cc - 2","AA088036-FE59-A70A-FF34-405F0CF03300",null,"2019-12-16T11:44:33.346Z",null
"VV - 21","model_dd - 3","AA557DBC-FAF8-1D19-FF61-D53612C2EA00",null,"2019-12-16T11:46:08.634Z",null
"TT - 19","model_oo - 14","AA63BEF4-9207-52CE-FFF3-047D9CBA6600",null,"2019-12-16T11:46:01.365Z",null
"WW - 22","model_{{ - 26","AB36DD03-AC7B-E814-FF46-9CA9F9EAA700",null,"2019-12-16T11:46:16.512Z",null
"CC - 2","model_vv - 21","AB67994D-4EA3-1E24-FFD1-0F535236D200",null,"2019-12-16T11:44:45.162Z",null
"VV - 21","model_vv - 21","AB81798D-FFCC-F4E3-FF13-65A57706F900",null,"2019-12-16T11:46:11.294Z",null
"AA - 0","model_uu - 20","ABC74DB8-AB1D-3032-FF50-63ED6A7A1700",null,"2019-12-16T11:44:36.072Z",null
"JJ - 9","model_}} - 28","AC6C099B-FE6F-AE45-FF33-36335CC1B400",null,"2019-12-16T11:45:18.193Z",null
"OO - 14","model_rr - 17","AC84E860-0231-F261-FFDE-AFC76205DD00",null,"2019-12-16T11:45:38.904Z",null
"SS - 18","model_jj - 9","ACD579D2-7613-0D95-FF1F-67A612ECA600",null,"2019-12-16T11:45:55.760Z",null
"UU - 20","model_}} - 28","AD6D9A8B-C3EB-527F-FF03-7C194171AA00",null,"2019-12-16T11:46:07.907Z",null
"ZZ - 25","model_nn - 13","ADB055BE-18C3-9430-FF13-858F4008C500",null,"2019-12-16T11:46:28.002Z",null
"MM - 12","model_ss - 18","ADC114B7-FECA-7D61-FF63-5AE438FF8C00",null,"2019-12-16T11:45:30.087Z",null
"LL - 11","model_|| - 27","AE2012D2-9B05-0D20-FF86-AC8A4396E000",null,"2019-12-16T11:45:26.936Z",null
"TT - 19","model_xx - 23","AED66AF9-D864-8A00-FFAB-7AF33377EB00",null,"2019-12-16T11:46:02.690Z",null
"LL - 11","model_zz - 25","AEF5BB19-BC54-41C5-FFCD-F92B45BC8200",null,"2019-12-16T11:45:26.642Z",null
"JJ - 9","model_uu - 20","AF384D3F-4E13-66AB-FFBF-206592060700",null,"2019-12-16T11:45:17.009Z",null
"OO - 14","model_vv - 21","AF67995F-5C4E-63E1-FF3F-7B51E9993800",null,"2019-12-16T11:45:39.510Z",null
"LL - 11","model_pp - 15","AF7AF923-4FDB-DA03-FFE9-E80F3261A000",null,"2019-12-16T11:45:25.131Z",null
"EE - 4","model_yy - 24","AF9C8A46-4143-2E25-FFE5-33C35DFA3800",null,"2019-12-16T11:44:54.738Z",null
"AA - 0","model_ii - 8","AFDEE8E9-76D1-E8FE-FF3A-15BEE670A400",null,"2019-12-16T11:44:34.253Z",null
"MM - 12","model_jj - 9","B0137EF1-6828-36FD-FF73-2738DB15A800",null,"2019-12-16T11:45:28.740Z",null
"LL - 11","model_gg - 6","B055BB84-E2B8-0F7B-FFA1-0381032EAB00",null,"2019-12-16T11:45:23.814Z",null
"NN - 13","model_mm - 12","B05AC45D-76AA-421E-FF0C-306F32F9D300",null,"2019-12-16T11:45:33.656Z",null
"KK - 10","model_pp - 15","B086C153-CF2E-E409-FF5F-A19AD57C9700",null,"2019-12-16T11:45:20.718Z",null
"UU - 20","model_mm - 12","B088CA03-B076-2DD9-FFF0-9481533D6F00",null,"2019-12-16T11:46:05.541Z",null
"YY - 24","model_{{ - 26","B0ABB456-E21F-DB9C-FFAD-823A7889E600",null,"2019-12-16T11:46:25.463Z",null
"AA - 0","model_ss - 18","B1381485-0303-94DA-FF58-452692D11F00",null,"2019-12-16T11:44:35.769Z",null
"WW - 22","model_mm - 12","B17523BD-7D71-F992-FFC8-A24BE977F900",null,"2019-12-16T11:46:14.418Z",null
"HH - 7","model_pp - 15","B1BBC268-9F29-ACFE-FFBC-742044F98300",null,"2019-12-16T11:45:07.369Z",null
"MM - 12","model_tt - 19","B29BED98-969F-0048-FF2F-F3DE09C30200",null,"2019-12-16T11:45:30.233Z",null
"YY - 24","model_hh - 7","B2C6DEE9-52D9-E337-FF8E-571C53F06D00",null,"2019-12-16T11:46:22.638Z",null
"YY - 24","model_|| - 27","B2D497F0-5FCA-2127-FF71-CA8A51104100",null,"2019-12-16T11:46:25.614Z",null
"II - 8","model_~~ - 29","B3268FCE-C935-5FC0-FF3A-EA9D7E278400",null,"2019-12-16T11:45:13.886Z",null
"]] - 28","model_hh - 7","B34A6A7D-49A6-7E48-FF76-6583476E6100",null,"2019-12-16T11:46:40.428Z",null
"HH - 7","model_~~ - 29","B3BB857C-F840-A017-FFCF-B779B881DC00",null,"2019-12-16T11:45:09.441Z",null
"MM - 12","model_pp - 15","B3CAC326-F31C-39B1-FFA6-45505F6C9500",null,"2019-12-16T11:45:29.632Z",null
"MM - 12","model_hh - 7","B3CC3B79-E4C8-9A9F-FFCE-DBAE7C3E1000",null,"2019-12-16T11:45:28.443Z",null
"[[ - 26","model_bb - 1","B44A116F-ED50-117A-FFB5-D6739734FC00",null,"2019-12-16T11:46:30.641Z",null
"KK - 10","model_oo - 14","B44A579E-2657-99BE-FF24-F81BBA6A7300",null,"2019-12-16T11:45:20.571Z",null
"EE - 4","model_nn - 13","B457EB14-F903-BF42-FFC2-973C5BDD6300",null,"2019-12-16T11:44:53.114Z",null
"QQ - 16","model_mm - 12","B4C39C7A-3391-2BE7-FFD3-95493057F300",null,"2019-12-16T11:45:47.177Z",null
"GG - 6","model_gg - 6","B4C4B640-D95D-248C-FF91-52116296F400",null,"2019-12-16T11:45:00.976Z",null
"FF - 5","model_aa - 0","B5750795-DE03-0FA1-FF19-D08F96547000",null,"2019-12-16T11:44:55.629Z",null
"UU - 20","model_gg - 6","B59906A0-2152-11B3-FFA3-BBF11D7E5200",null,"2019-12-16T11:46:04.650Z",null
"TT - 19","model_nn - 13","B5BA8F66-2996-CBFA-FF43-EB18CF9F5200",null,"2019-12-16T11:46:01.214Z",null
"EE - 4","model_ii - 8","B5BD0D92-8DA6-4C77-FF77-FA222772F600",null,"2019-12-16T11:44:52.364Z",null
"KK - 10","model_rr - 17","B5E3D991-63B1-5D87-FF02-8778124D7400",null,"2019-12-16T11:45:21.012Z",null
"SS - 18","model_ff - 5","B6123C0F-AA20-A31B-FF4C-523D73B16D00",null,"2019-12-16T11:45:55.161Z",null
"QQ - 16","model_ww - 22","B61782E0-324A-0EA1-FF26-8274282F0100",null,"2019-12-16T11:45:48.666Z",null
"UU - 20","model_yy - 24","B674F49A-E193-4A55-FF7C-0123181B0800",null,"2019-12-16T11:46:07.316Z",null
"TT - 19","model_ee - 4","B6750FCE-5FD1-A3F0-FFA5-301C833C3E00",null,"2019-12-16T11:45:59.866Z",null
"]] - 28","model_qq - 16","B677365B-1BD5-BF09-FF44-7E7EC46CDB00",null,"2019-12-16T11:46:41.773Z",null
"KK - 10","model_yy - 24","B692BE1F-9893-3885-FF5D-D3801F888600",null,"2019-12-16T11:45:22.044Z",null
"QQ - 16","model_uu - 20","B6A0BA53-94CF-CEE3-FFFE-A6314BB19000",null,"2019-12-16T11:45:48.364Z",null
"MM - 12","model_~~ - 29","B75F4793-C5BD-6A7C-FFDB-28740BCF3900",null,"2019-12-16T11:45:31.714Z",null
"]] - 28","model_xx - 23","B7DA42A9-D2C4-43A5-FF76-8CA5D3D7CB00",null,"2019-12-16T11:46:42.794Z",null
"KK - 10","model_}} - 28","B8AC1916-92C4-8A75-FFAA-3476E2C29600",null,"2019-12-16T11:45:22.640Z",null
"HH - 7","model_ee - 4","B95D676D-ADDB-7490-FFD4-F4AE21E9BF00",null,"2019-12-16T11:45:05.642Z",null
"BB - 1","model_zz - 25","B9647E69-CD81-C686-FF27-E8D71C8ED200",null,"2019-12-16T11:44:41.330Z",null
"II - 8","model_ss - 18","B978A1A1-3790-6385-FF5F-B079ECA63300",null,"2019-12-16T11:45:12.251Z",null
"WW - 22","model_oo - 14","B9CEF625-23E7-E876-FFAB-234D23939100",null,"2019-12-16T11:46:14.712Z",null
"]] - 28","model_{{ - 26","B9E7458A-00AB-2FC5-FF2F-E20CB5EBC000",null,"2019-12-16T11:46:43.229Z",null
"GG - 6","model_qq - 16","BA06D80A-4E2B-2B9B-FF16-BC46AACEE300",null,"2019-12-16T11:45:02.455Z",null
"BB - 1","model_~~ - 29","BA7CE22A-0B37-153F-FFDA-7ECC65BAEC00",null,"2019-12-16T11:44:41.914Z",null
"KK - 10","model_ff - 5","BBAD6E8F-2AD5-38A0-FF32-DF0C01FEBE00",null,"2019-12-16T11:45:19.235Z",null
"KK - 10","model_tt - 19","BBC13BE8-F8A0-C71F-FF92-CBB850555F00",null,"2019-12-16T11:45:21.302Z",null
"OO - 14","model_jj - 9","BC236426-8B1B-76AF-FF4E-70F7EABD2C00",null,"2019-12-16T11:45:37.702Z",null
"OO - 14","model_|| - 27","BCA2D63B-559F-9D21-FFA4-613833380700",null,"2019-12-16T11:45:40.418Z",null
"RR - 17","model_mm - 12","BCB7C2F2-EBFA-CBDD-FFA2-635A694A5300",null,"2019-12-16T11:45:51.748Z",null
"FF - 5","model_hh - 7","BCD74661-D8CB-5365-FFBB-742E8A1FC100",null,"2019-12-16T11:44:56.655Z",null
"PP - 15","model_bb - 1","BD9B8EBC-58F5-6007-FF30-4C4A1E431600",null,"2019-12-16T11:45:41.017Z",null
"DD - 3","model_ll - 11","BE8D7530-4D2A-3637-FFCA-870D4D690F00",null,"2019-12-16T11:44:48.293Z",null
"DD - 3","model_gg - 6","BED73184-CA39-CC3B-FF6D-6AF50189FC00",null,"2019-12-16T11:44:47.386Z",null
"UU - 20","model_kk - 10","BEDA12BF-1A58-B5C5-FF85-54C826661500",null,"2019-12-16T11:46:05.244Z",null
"WW - 22","model_tt - 19","BF5BFF42-A6E4-0BA5-FF18-087203915E00",null,"2019-12-16T11:46:15.456Z",null
"HH - 7","model_ww - 22","C0AE26A7-C270-ECFE-FF9B-9E9963F54E00",null,"2019-12-16T11:45:08.405Z",null
"MM - 12","model_|| - 27","C103F37F-BE90-DDEB-FF3B-330A92B0F000",null,"2019-12-16T11:45:31.416Z",null
"FF - 5","model_rr - 17","C1820109-2F18-724B-FF6F-272838A5C600",null,"2019-12-16T11:44:58.146Z",null
"EE - 4","model_oo - 14","C1954477-8B4D-815B-FF34-4D51005A6300",null,"2019-12-16T11:44:53.269Z",null
"^^ - 29","model_ff - 5","C1B2143F-51A6-37CF-FFA3-1367E76DC700",null,"2019-12-16T11:46:44.556Z",null
"TT - 19","model_ii - 8","C1D1A690-0C58-526A-FF04-9B0CBF0B9A00",null,"2019-12-16T11:46:00.467Z",null
"\\ - 27","model_vv - 21","C29C3853-4A2E-F893-FF4F-8F2F18135900",null,"2019-12-16T11:46:38.067Z",null
"JJ - 9","model_ll - 11","C29E8F38-D877-37D0-FFE5-CB1A12751400",null,"2019-12-16T11:45:15.669Z",null
"DD - 3","model_ss - 18","C2B8000E-B521-D75F-FF75-7C6660823100",null,"2019-12-16T11:44:49.336Z",null
"[[ - 26","model_}} - 28","C2C50CC2-B8D5-8793-FF7F-FD3F274BA400",null,"2019-12-16T11:46:34.665Z",null
"JJ - 9","model_kk - 10","C2FC7BA2-00D0-3824-FF50-28B63513C800",null,"2019-12-16T11:45:15.517Z",null
"II - 8","model_bb - 1","C367CAD7-9939-B25E-FF12-C81BED6C4E00",null,"2019-12-16T11:45:09.734Z",null
"GG - 6","model_}} - 28","C3B8855C-92FB-E971-FFC5-2670DEBAB000",null,"2019-12-16T11:45:04.635Z",null
"FF - 5","model_cc - 2","C3D8A2F2-2773-A6EA-FF40-29454FB0C800",null,"2019-12-16T11:44:55.922Z",null
"QQ - 16","model_tt - 19","C4192964-4328-02BF-FF19-19F59D98C100",null,"2019-12-16T11:45:48.217Z",null
"^^ - 29","model_uu - 20","C444DC5F-348C-968E-FFBA-D5AA1A5F6600",null,"2019-12-16T11:46:46.777Z",null
"JJ - 9","model_vv - 21","C4A6F879-9B23-ED75-FF25-1A5918E62100",null,"2019-12-16T11:45:17.154Z",null
"\\ - 27","model_{{ - 26","C4ADBF49-D72E-2191-FFBA-14B119210300",null,"2019-12-16T11:46:38.796Z",null
"JJ - 9","model_hh - 7","C51F0F36-967E-60E7-FF66-5E276C9B4A00",null,"2019-12-16T11:45:15.074Z",null
"YY - 24","model_zz - 25","C57E24DB-EC34-32EF-FF6F-3051C1A08C00",null,"2019-12-16T11:46:25.307Z",null
"WW - 22","model_|| - 27","C5AAA8E3-4983-858D-FFC2-69EE6C934E00",null,"2019-12-16T11:46:16.676Z",null
"PP - 15","model_ll - 11","C5B35EA0-510B-22C6-FFB6-6BB3BCA23D00",null,"2019-12-16T11:45:42.548Z",null
"XX - 23","model_zz - 25","C5C0A9C7-16A9-1114-FF5B-E4E30D090700",null,"2019-12-16T11:46:20.858Z",null
"CC - 2","model_ll - 11","C5C239B3-50B8-B7DF-FF1E-FC0059587200",null,"2019-12-16T11:44:43.686Z",null
"ZZ - 25","model_pp - 15","C5EEB73E-5B05-E23A-FFED-A8C29D064400",null,"2019-12-16T11:46:28.292Z",null
"QQ - 16","model_dd - 3","C64E6E3A-65E3-6E7C-FFA6-2F0F18A52E00",null,"2019-12-16T11:45:45.848Z",null
"YY - 24","model_rr - 17","C659CA8A-EF64-767F-FF35-50C81CB71F00",null,"2019-12-16T11:46:24.127Z",null
"JJ - 9","model_oo - 14","C675C332-E497-3499-FF59-191053C6CB00",null,"2019-12-16T11:45:16.114Z",null
"XX - 23","model_pp - 15","C6BEB2C0-4FA3-64F1-FF70-66F534FA4200",null,"2019-12-16T11:46:19.352Z",null
"QQ - 16","model_ff - 5","C7BB4D2D-0250-11A5-FF9C-D9B994BD1000",null,"2019-12-16T11:45:46.148Z",null
"GG - 6","model_kk - 10","C7E2537D-04D8-0BFB-FF85-9DD4E3196A00",null,"2019-12-16T11:45:01.569Z",null
"QQ - 16","model_ll - 11","C808F11D-4CD8-C7D3-FFDB-E6F3F6422F00",null,"2019-12-16T11:45:47.032Z",null
"JJ - 9","model_qq - 16","C862278F-AD5C-D796-FF54-8D1FC915C700",null,"2019-12-16T11:45:16.416Z",null
"[[ - 26","model_ff - 5","C8D4F3E9-EA95-D12F-FF15-4ABD0BCFFA00",null,"2019-12-16T11:46:31.246Z",null
"SS - 18","model_~~ - 29","C9304047-208B-69FD-FF5C-55427E4B0900",null,"2019-12-16T11:45:59.121Z",null
"OO - 14","model_yy - 24","C987D8E4-D1D2-06C1-FF0B-8F60FAA9E000",null,"2019-12-16T11:45:39.966Z",null
"ZZ - 25","model_tt - 19","C9AF325C-B705-BA99-FF3B-73EC33DBAA00",null,"2019-12-16T11:46:28.881Z",null
"II - 8","model_tt - 19","CA971E8C-C5A0-F78C-FF57-AF8DB0E28800",null,"2019-12-16T11:45:12.400Z",null
"MM - 12","model_{{ - 26","CACA1B94-1DC5-2882-FFFC-736C47520000",null,"2019-12-16T11:45:31.269Z",null
"KK - 10","model_uu - 20","CB1655A3-2509-F8A8-FF5A-1E6A6CB73900",null,"2019-12-16T11:45:21.448Z",null
"MM - 12","model_cc - 2","CB2A1CBE-E9A8-AA13-FF77-9415FB33F500",null,"2019-12-16T11:45:27.700Z",null
"QQ - 16","model_pp - 15","CB3C6D90-742A-C6C0-FF90-72313D09E000",null,"2019-12-16T11:45:47.618Z",null
"HH - 7","model_yy - 24","CBC1735E-C5A2-C420-FF56-DF9618F93600",null,"2019-12-16T11:45:08.700Z",null
"WW - 22","model_vv - 21","CC517988-BE55-7CB0-FF5A-D8AABCBAEC00",null,"2019-12-16T11:46:15.756Z",null
"XX - 23","model_aa - 0","CCEE4724-5E58-C4BD-FF03-EF7173C34F00",null,"2019-12-16T11:46:17.118Z",null
"YY - 24","model_pp - 15","CD07811B-E927-E11F-FF54-DA59A0DC8000",null,"2019-12-16T11:46:23.825Z",null
"JJ - 9","model_tt - 19","CD7F94B6-0AF9-1C56-FF88-DBF47C0E9900",null,"2019-12-16T11:45:16.861Z",null
"FF - 5","model_~~ - 29","CE3468D5-3EAA-C8BA-FFB6-C80034037E00",null,"2019-12-16T11:44:59.949Z",null
"GG - 6","model_uu - 20","CE8FC2B4-CFDF-737C-FF26-746A248EF800",null,"2019-12-16T11:45:03.040Z",null
"]] - 28","model_yy - 24","CEBB2F78-0E81-80E6-FFB2-7100D08B5C00",null,"2019-12-16T11:46:42.939Z",null
"SS - 18","model_kk - 10","CEF550A3-2107-B20D-FF2E-AE49EE281F00",null,"2019-12-16T11:45:55.909Z",null
"YY - 24","model_dd - 3","CF64D5D4-7F75-925D-FFF1-3B1B1960B800",null,"2019-12-16T11:46:22.039Z",null
"QQ - 16","model_ee - 4","CFD410C9-6524-890F-FF76-912016908F00",null,"2019-12-16T11:45:46.000Z",null
"NN - 13","model_xx - 23","CFD919A4-D4C3-EEF8-FFCB-60CA2B136900",null,"2019-12-16T11:45:35.312Z",null
"UU - 20","model_bb - 1","D15099DE-501E-DAAE-FF02-E6609A72BA00",null,"2019-12-16T11:46:03.888Z",null
"QQ - 16","model_bb - 1","D172373A-C4D4-EF16-FF5A-495140E2A200",null,"2019-12-16T11:45:45.554Z",null
"DD - 3","model_oo - 14","D17C815B-A099-30F8-FFCD-0D771B1DDA00",null,"2019-12-16T11:44:48.738Z",null
"QQ - 16","model_vv - 21","D1B23C06-4353-5C4D-FF5A-4CAE1DF56D00",null,"2019-12-16T11:45:48.514Z",null
"ZZ - 25","model_ss - 18","D1C3C065-AF36-EBC3-FFDB-E90151BD3300",null,"2019-12-16T11:46:28.735Z",null
"FF - 5","model_pp - 15","D1EA1B83-3902-4CD1-FF0C-649EE316FC00",null,"2019-12-16T11:44:57.854Z",null
"II - 8","model_ee - 4","D2086CFE-F76A-2550-FF92-FCD2E7F28600",null,"2019-12-16T11:45:10.182Z",null
"VV - 21","model_jj - 9","D2C393A4-FDCD-C593-FF45-A74595085B00",null,"2019-12-16T11:46:09.530Z",null
"ZZ - 25","model_~~ - 29","D370CCCD-DFFD-2E80-FF87-4BB541E16300",null,"2019-12-16T11:46:30.340Z",null
"PP - 15","model_ss - 18","D3B1899F-9779-C14D-FFB0-FC1BBD7C7200",null,"2019-12-16T11:45:43.598Z",null
"KK - 10","model_aa - 0","D4100510-316F-5EB0-FFAD-11105809C900",null,"2019-12-16T11:45:18.490Z",null
"RR - 17","model_pp - 15","D427DD93-FC37-4179-FF77-BD5FF9A40B00",null,"2019-12-16T11:45:52.207Z",null
"AA - 0","model_vv - 21","D4738332-C3C8-C315-FF14-C36668231500",null,"2019-12-16T11:44:36.223Z",null
"ZZ - 25","model_hh - 7","D4B43C9D-180A-3A7B-FF07-A7504D592B00",null,"2019-12-16T11:46:27.121Z",null
"BB - 1","model_ss - 18","D5018879-A58E-7FB9-FF66-AF028A9EA100",null,"2019-12-16T11:44:40.271Z",null
"RR - 17","model_vv - 21","D5045D5C-11E2-54B0-FF83-ECC96DB2C200",null,"2019-12-16T11:45:53.097Z",null
"KK - 10","model_ss - 18","D50B7CDB-1DA4-F4F0-FF49-25E766D1EE00",null,"2019-12-16T11:45:21.156Z",null
"YY - 24","model_aa - 0","D5DAC3B2-14A5-1152-FFDF-EDC71E022200",null,"2019-12-16T11:46:21.600Z",null
"UU - 20","model_jj - 9","D62B40F4-D1D2-25DC-FF7D-B21D4E6CCD00",null,"2019-12-16T11:46:05.095Z",null
"AA - 0","model_|| - 27","D63078F5-0E0F-6CFD-FFD3-545DFA478300",null,"2019-12-16T11:44:37.120Z",null
"TT - 19","model_bb - 1","D6712481-5835-4206-FFB3-EE92204E0E00",null,"2019-12-16T11:45:59.418Z",null
"QQ - 16","model_ss - 18","D67B9EDC-54EA-A89E-FFF8-28CB5E656900",null,"2019-12-16T11:45:48.065Z",null
"KK - 10","model_vv - 21","D6DA2B21-4A79-45E7-FF06-BF268B44BA00",null,"2019-12-16T11:45:21.596Z",null
"KK - 10","model_bb - 1","D7640B1D-D680-61DA-FFC3-5A5A930F1700",null,"2019-12-16T11:45:18.639Z",null
"EE - 4","model_hh - 7","D7F8E1CE-E468-1291-FF83-AEAD2308FC00",null,"2019-12-16T11:44:52.213Z",null
"FF - 5","model_qq - 16","D801CA2D-7898-5215-FFC1-88CAC37A7F00",null,"2019-12-16T11:44:58.001Z",null
"UU - 20","model_ii - 8","D835D258-48A8-1113-FFC3-4FECEE9A4C00",null,"2019-12-16T11:46:04.948Z",null
"VV - 21","model_kk - 10","D84BCC7A-ED82-630B-FF18-067EAA0B5A00",null,"2019-12-16T11:46:09.679Z",null
"QQ - 16","model_ii - 8","D88F196E-546D-EFEC-FFF5-9BDF7FE6FA00",null,"2019-12-16T11:45:46.593Z",null
"\\ - 27","model_~~ - 29","D89C9B52-A9DB-8570-FF3F-D27E963D3900",null,"2019-12-16T11:46:39.240Z",null
"PP - 15","model_ff - 5","D8E19DD8-1B89-7BE3-FF0C-941C673E1400",null,"2019-12-16T11:45:41.623Z",null
"UU - 20","model_qq - 16","D94681FB-7CDD-46B1-FF7E-ACCC73258C00",null,"2019-12-16T11:46:06.137Z",null
"EE - 4","model_bb - 1","D966515E-24A5-C056-FFD0-24BB52D4A800",null,"2019-12-16T11:44:51.286Z",null
"\\ - 27","model_aa - 0","D97AC088-39FA-1E78-FF1E-2A7DEE1E0300",null,"2019-12-16T11:46:34.956Z",null
"]] - 28","model_bb - 1","DA051754-CFED-7EC9-FF6C-433AFD4BB900",null,"2019-12-16T11:46:39.536Z",null
"EE - 4","model_rr - 17","DA214416-E63F-7C95-FFBE-56616655AF00",null,"2019-12-16T11:44:53.709Z",null
"QQ - 16","model_qq - 16","DA38A6B0-74A4-24DB-FFD8-C825E9FDF800",null,"2019-12-16T11:45:47.765Z",null
"SS - 18","model_uu - 20","DADC824B-8916-BC64-FFFD-6B05B754AD00",null,"2019-12-16T11:45:57.394Z",null
"WW - 22","model_qq - 16","DAE486B1-2A1F-DEF9-FFD3-598BD6F93D00",null,"2019-12-16T11:46:15.008Z",null
"YY - 24","model_ll - 11","DB3875E4-73CB-BF3C-FF36-26518E858800",null,"2019-12-16T11:46:23.226Z",null
"PP - 15","model_cc - 2","DBF22332-8CAC-B870-FFA7-009F7C8F7E00",null,"2019-12-16T11:45:41.166Z",null
"SS - 18","model_hh - 7","DC137F33-0724-5DBF-FFD6-07B77F065B00",null,"2019-12-16T11:45:55.455Z",null
"HH - 7","model_rr - 17","DCB6D3AD-7123-2538-FFE1-C60D7CB91600",null,"2019-12-16T11:45:07.667Z",null
"PP - 15","model_qq - 16","DCE79374-B91D-77D2-FF02-D47A630EED00",null,"2019-12-16T11:45:43.287Z",null
"XX - 23","model_vv - 21","DD377902-9113-115C-FFDF-D1699CD16300",null,"2019-12-16T11:46:20.240Z",null
"]] - 28","model_gg - 6","DD5367EB-C752-0099-FFA2-C9B4DD625900",null,"2019-12-16T11:46:40.282Z",null
"VV - 21","model_xx - 23","DDD53432-66FB-3B1D-FFD2-4ADA931ABE00",null,"2019-12-16T11:46:11.586Z",null
"QQ - 16","model_kk - 10","DE4E0645-0002-FA4C-FFD7-8F04FCAEFC00",null,"2019-12-16T11:45:46.885Z",null
"OO - 14","model_tt - 19","DF28D832-55EC-851B-FF6E-75BAE2BAF700",null,"2019-12-16T11:45:39.204Z",null
"QQ - 16","model_oo - 14","DF373A48-18AB-BD73-FF31-DD919A08D800",null,"2019-12-16T11:45:47.471Z",null
"BB - 1","model_cc - 2","DF4CCB8A-5C87-31B7-FFBF-380C74F6C200",null,"2019-12-16T11:44:37.873Z",null
"XX - 23","model_oo - 14","DF5E6782-1ECD-9109-FF78-C090A4844E00",null,"2019-12-16T11:46:19.205Z",null
"OO - 14","model_aa - 0","DF9FD5AB-F08B-DD02-FFD9-FAAB589DD000",null,"2019-12-16T11:45:36.366Z",null
"PP - 15","model_rr - 17","DFB53251-0A38-CEF9-FF57-F074D6510500",null,"2019-12-16T11:45:43.445Z",null
"[[ - 26","model_|| - 27","E07B48DE-55A4-6E8D-FFFE-6E86F839A000",null,"2019-12-16T11:46:34.516Z",null
"WW - 22","model_aa - 0","E07C593C-ED89-5396-FFB3-977314C0E300",null,"2019-12-16T11:46:12.639Z",null
"ZZ - 25","model_ll - 11","E0E57F89-900A-209F-FF07-7726FA910000",null,"2019-12-16T11:46:27.709Z",null
"HH - 7","model_ss - 18","E1190228-3FC9-CE14-FFC8-C4FC995B0B00",null,"2019-12-16T11:45:07.817Z",null
"BB - 1","model_oo - 14","E130EC2C-6039-A614-FF17-E6A58E77BA00",null,"2019-12-16T11:44:39.675Z",null
"EE - 4","model_ww - 22","E238A187-26C5-4873-FF53-7FD8E49C8C00",null,"2019-12-16T11:44:54.448Z",null
"[[ - 26","model_dd - 3","E2AC10F8-E030-136D-FFAB-105F584E9A00",null,"2019-12-16T11:46:30.940Z",null
"\\ - 27","model_pp - 15","E2F85149-489E-51CF-FFE4-0F55079EDE00",null,"2019-12-16T11:46:37.188Z",null
"]] - 28","model_}} - 28","E38C76CE-4E49-3BE2-FFA5-4E4E798F0800",null,"2019-12-16T11:46:43.523Z",null
"[[ - 26","model_mm - 12","E3994F05-AEC1-284B-FF7D-B57AE9099C00",null,"2019-12-16T11:46:32.298Z",null
"XX - 23","model_~~ - 29","E39EDCCD-E724-EE8E-FF06-9AC02E9D2A00",null,"2019-12-16T11:46:21.449Z",null
"HH - 7","model_vv - 21","E3CD8DFB-E694-6308-FF48-912769F41F00",null,"2019-12-16T11:45:08.259Z",null
"HH - 7","model_hh - 7","E3EAAA5D-FC45-D2B8-FF73-615DA2438F00",null,"2019-12-16T11:45:06.142Z",null
"VV - 21","model_}} - 28","E3F34A53-283E-5C52-FF8B-168C6BCCBB00",null,"2019-12-16T11:46:12.340Z",null
"MM - 12","model_nn - 13","E4164067-8E84-7C15-FF44-D71812770F00",null,"2019-12-16T11:45:29.342Z",null
"XX - 23","model_dd - 3","E4818422-AC9E-1DCF-FF72-02F5A17B5300",null,"2019-12-16T11:46:17.555Z",null
"^^ - 29","model_~~ - 29","E486A299-12C0-707C-FFAB-431C35639100",null,"2019-12-16T11:46:48.118Z",null
"WW - 22","model_uu - 20","E494AB6E-A33A-F593-FF16-528856EC9700",null,"2019-12-16T11:46:15.606Z",null
"JJ - 9","model_ww - 22","E4DCAE49-FA99-7F75-FFFE-38C08E3F6E00",null,"2019-12-16T11:45:17.300Z",null
"JJ - 9","model_mm - 12","E5038C75-919A-E13C-FF81-DC02DDE2D700",null,"2019-12-16T11:45:15.818Z",null
"QQ - 16","model_nn - 13","E5D5765F-3BD0-7003-FFCA-8EF33A130E00",null,"2019-12-16T11:45:47.322Z",null
"GG - 6","model_|| - 27","E6EE8528-F081-E741-FF02-2F84C9D3F400",null,"2019-12-16T11:45:04.154Z",null
"\\ - 27","model_jj - 9","E709EFF4-745B-94DA-FF11-F9F374DD8500",null,"2019-12-16T11:46:36.310Z",null
"AA - 0","model_dd - 3","E71F5F86-E3ED-FA9F-FFC1-8A7038223A00",null,"2019-12-16T11:44:33.496Z",null
"LL - 11","model_aa - 0","E71FAA25-A697-927E-FFA1-37D1499EB100",null,"2019-12-16T11:45:22.934Z",null
"UU - 20","model_zz - 25","E72553C5-CBD7-8FD2-FFA5-5423F4E2CE00",null,"2019-12-16T11:46:07.463Z",null
"VV - 21","model_rr - 17","E73B9612-97D1-125F-FF9F-C7B605B8B900",null,"2019-12-16T11:46:10.706Z",null
"^^ - 29","model_rr - 17","E7D3731D-7AE2-A575-FFE8-3EFECA1C0800",null,"2019-12-16T11:46:46.331Z",null
"SS - 18","model_nn - 13","E833656B-7259-4867-FFB2-767B6B1CCE00",null,"2019-12-16T11:45:56.355Z",null
"FF - 5","model_ff - 5","E85F165F-18CA-E676-FF4C-17A3E8D71300",null,"2019-12-16T11:44:56.362Z",null
"XX - 23","model_ff - 5","E8881BA5-1C47-EA2F-FF7D-3928165B6200",null,"2019-12-16T11:46:17.851Z",null
"EE - 4","model_ee - 4","E921102F-4426-DF56-FF33-222B3DDCB400",null,"2019-12-16T11:44:51.754Z",null
"PP - 15","model_{{ - 26","E92EDF23-A961-5A6F-FF69-5B0028DBE600",null,"2019-12-16T11:45:44.802Z",null
"\\ - 27","model_ee - 4","E93B81A1-C1D1-B4BF-FF63-7A781E380800",null,"2019-12-16T11:46:35.547Z",null
"QQ - 16","model_zz - 25","E977FD6C-E5AA-9655-FF72-D0C649E3B300",null,"2019-12-16T11:45:49.138Z",null
"II - 8","model_xx - 23","E97FD894-B38A-7B7B-FF1A-F2129256E600",null,"2019-12-16T11:45:12.982Z",null
"RR - 17","model_zz - 25","E9966DAD-6B43-A870-FF1D-B7D5A4BBEA00",null,"2019-12-16T11:45:53.686Z",null
"UU - 20","model_~~ - 29","E9E0B744-357B-8F84-FF14-A3FD54E78800",null,"2019-12-16T11:46:08.051Z",null
"[[ - 26","model_ww - 22","EA39A228-D27F-1C61-FF93-CABC2DCAA300",null,"2019-12-16T11:46:33.777Z",null
"CC - 2","model_ff - 5","EA5A686A-5669-3383-FF99-0FC037E95600",null,"2019-12-16T11:44:42.803Z",null
"[[ - 26","model_nn - 13","EA732A14-20B0-269A-FFFF-0B6B4AC61100",null,"2019-12-16T11:46:32.444Z",null
"CC - 2","model_xx - 23","EA7DA8B3-5B47-75AB-FF2C-BF52B34A6900",null,"2019-12-16T11:44:45.469Z",null
"HH - 7","model_kk - 10","EA9729C1-6AE8-CF3D-FF05-1784AC143100",null,"2019-12-16T11:45:06.619Z",null
"HH - 7","model_jj - 9","EB93238A-98E5-903A-FFF2-C6E754273300",null,"2019-12-16T11:45:06.436Z",null
"SS - 18","model_rr - 17","EB9B3617-4DEB-88D8-FF14-4F184CDC3A00",null,"2019-12-16T11:45:56.950Z",null
"DD - 3","model_yy - 24","EB9DEF14-20D2-715D-FFC3-C9901A413F00",null,"2019-12-16T11:44:50.232Z",null
"YY - 24","model_jj - 9","EBF95996-9F47-0AC6-FF68-6C274F735300",null,"2019-12-16T11:46:22.935Z",null
"JJ - 9","model_aa - 0","EC05B9E9-8D39-ECB2-FF8E-8F79BAC4D000",null,"2019-12-16T11:45:14.033Z",null
"SS - 18","model_zz - 25","EC93C406-4909-1878-FF3A-5B8C48403600",null,"2019-12-16T11:45:58.524Z",null
"ZZ - 25","model_ee - 4","EC99B6F9-4090-B322-FF72-1C8FDB20D800",null,"2019-12-16T11:46:26.660Z",null
"WW - 22","model_yy - 24","ECA259E8-9F67-FA9F-FFB5-D7CBAC361100",null,"2019-12-16T11:46:16.215Z",null
"]] - 28","model_tt - 19","ECFB7B3D-69BC-0752-FF37-F999C7686F00",null,"2019-12-16T11:46:42.210Z",null
"\\ - 27","model_zz - 25","EDBEFF68-EA16-B264-FFDC-50EFCBC53100",null,"2019-12-16T11:46:38.652Z",null
"BB - 1","model_ee - 4","EDE907DC-EFB2-53F9-FFA1-FD2B64CD1400",null,"2019-12-16T11:44:38.167Z",null
"DD - 3","model_xx - 23","EDFED585-26D8-36F4-FFCE-6714C418B700",null,"2019-12-16T11:44:50.082Z",null
"DD - 3","model_zz - 25","EECD0319-4E11-5C52-FF7D-F12575003100",null,"2019-12-16T11:44:50.381Z",null
"MM - 12","model_ii - 8","EF955A85-758D-2AA4-FFB5-A8349BD3F500",null,"2019-12-16T11:45:28.592Z",null
"NN - 13","model_gg - 6","EFAC0746-A0E5-7B8D-FF92-03826AC13B00",null,"2019-12-16T11:45:32.753Z",null
"BB - 1","model_uu - 20","EFD0DDD8-A6B2-EC30-FF0F-5B0D44AFE500",null,"2019-12-16T11:44:40.567Z",null
"LL - 11","model_bb - 1","F09DFF3C-CEA2-D9ED-FFA6-813A0695F000",null,"2019-12-16T11:45:23.082Z",null
"UU - 20","model_dd - 3","F11B0AA7-8E7D-2585-FFE0-6972FE4B4200",null,"2019-12-16T11:46:04.192Z",null
"QQ - 16","model_aa - 0","F17E0EC6-786D-6984-FFA4-BDF9AF02A800",null,"2019-12-16T11:45:45.405Z",null
"CC - 2","model_kk - 10","F185FAB9-6431-F71B-FF08-886115D69500",null,"2019-12-16T11:44:43.541Z",null
"RR - 17","model_{{ - 26","F19EA7F3-D6AF-0AE8-FFE6-C1AB3F64BC00",null,"2019-12-16T11:45:53.833Z",null
"CC - 2","model_ii - 8","F1A31917-CEE8-AF17-FFC9-29D2680B9D00",null,"2019-12-16T11:44:43.246Z",null
"EE - 4","model_vv - 21","F2275F43-E42D-DB50-FF89-1ACC8587FD00",null,"2019-12-16T11:44:54.302Z",null
"UU - 20","model_|| - 27","F283095A-E28F-F1F2-FF0E-8A448504A300",null,"2019-12-16T11:46:07.759Z",null
"VV - 21","model_ii - 8","F291A4B7-D7F8-3211-FF13-4D414DCE8E00",null,"2019-12-16T11:46:09.387Z",null
"TT - 19","model_ff - 5","F32A6B4F-8D12-996B-FFA5-4002E817D000",null,"2019-12-16T11:46:00.014Z",null
"TT - 19","model_uu - 20","F333F3CE-8128-D4A1-FF16-7F15B37DE400",null,"2019-12-16T11:46:02.246Z",null
"KK - 10","model_~~ - 29","F33F741B-5BAB-B105-FFDF-5F44791B6000",null,"2019-12-16T11:45:22.785Z",null
"TT - 19","model_tt - 19","F507CE08-E09C-6E22-FFF9-09C06CB53C00",null,"2019-12-16T11:46:02.100Z",null
"SS - 18","model_aa - 0","F5746637-3508-EC22-FF00-1D6812357D00",null,"2019-12-16T11:45:54.431Z",null
"TT - 19","model_}} - 28","F62D6D58-CF90-1E72-FF4B-DD3CA8A67300",null,"2019-12-16T11:46:03.442Z",null
"RR - 17","model_kk - 10","F6E5B73D-F92D-C662-FF73-945F86EA0100",null,"2019-12-16T11:45:51.411Z",null
"DD - 3","model_hh - 7","F77A9656-2822-B814-FF9B-AABCEDFDC000",null,"2019-12-16T11:44:47.536Z",null
"VV - 21","model_pp - 15","F77F19F5-3F10-A443-FF80-D57286178700",null,"2019-12-16T11:46:10.413Z",null
"OO - 14","model_~~ - 29","F7C2B31C-FBAF-7B5F-FFA8-2F0664200400",null,"2019-12-16T11:45:40.716Z",null
"]] - 28","model_pp - 15","F89279AD-B93A-1CDB-FFFA-3CC4E698EA00",null,"2019-12-16T11:46:41.625Z",null
"TT - 19","model_ss - 18","F89B16D5-4B0D-60E3-FFF4-1C1D73D1E600",null,"2019-12-16T11:46:01.955Z",null
"]] - 28","model_zz - 25","F902FDB1-1648-5F09-FFBD-3941ADEE0F00",null,"2019-12-16T11:46:43.084Z",null
"XX - 23","model_{{ - 26","F9391344-D490-2B94-FFE1-0FF202630F00",null,"2019-12-16T11:46:21.007Z",null
"UU - 20","model_ee - 4","F9A45445-DD0D-D90B-FFD7-0CEF4526E600",null,"2019-12-16T11:46:04.344Z",null
"]] - 28","model_~~ - 29","F9CAE638-1F49-09EA-FF12-016086D06A00",null,"2019-12-16T11:46:43.676Z",null
"ZZ - 25","model_dd - 3","F9CE8C06-F376-C3E3-FFE9-464144E46D00",null,"2019-12-16T11:46:26.511Z",null
"ZZ - 25","model_|| - 27","FA058371-52C3-EFD3-FF73-2EB1D368C200",null,"2019-12-16T11:46:30.050Z",null
"XX - 23","model_nn - 13","FA3A4BE5-7A5A-C430-FFAB-64BBFD04BA00",null,"2019-12-16T11:46:19.054Z",null
"GG - 6","model_ww - 22","FA734DF9-4B00-EAF3-FFB8-BC65DC27E700",null,"2019-12-16T11:45:03.339Z",null
"WW - 22","model_xx - 23","FA9C735A-E5D0-FF4C-FF38-F0F021C66700",null,"2019-12-16T11:46:16.062Z",null
"UU - 20","model_xx - 23","FAA7FAFE-B285-77F7-FFAE-EF9FE88B2300",null,"2019-12-16T11:46:07.169Z",null
"RR - 17","model_ll - 11","FAD98688-7531-1BA2-FFBD-0D405C9AA900",null,"2019-12-16T11:45:51.583Z",null
"SS - 18","model_qq - 16","FBD55874-EE32-94B2-FFAA-4C717E24E800",null,"2019-12-16T11:45:56.802Z",null
"PP - 15","model_gg - 6","FBD81077-0856-E958-FFB6-62F1827DC700",null,"2019-12-16T11:45:41.778Z",null
"ZZ - 25","model_uu - 20","FC4738C4-9750-4221-FFBE-F22C6D6FC200",null,"2019-12-16T11:46:29.029Z",null
"XX - 23","model_ee - 4","FC908782-7D33-09EB-FFFB-D4359B9BEE00",null,"2019-12-16T11:46:17.703Z",null
"KK - 10","model_jj - 9","FC9FDD64-7366-120D-FF42-38E3239D3900",null,"2019-12-16T11:45:19.831Z",null
"XX - 23","model_jj - 9","FCD21C5B-AF09-2F2B-FFEA-6C4958882C00",null,"2019-12-16T11:46:18.451Z",null
"PP - 15","model_ee - 4","FCF23C0C-0341-A12E-FFEC-E1C0BEDD1500",null,"2019-12-16T11:45:41.471Z",null
"LL - 11","model_xx - 23","FD0691F3-30E7-DFC3-FF4A-690A59C34000",null,"2019-12-16T11:45:26.327Z",null
"AA - 0","model_ll - 11","FD0C94DF-8A31-865C-FF2E-49A7D42CE700",null,"2019-12-16T11:44:34.721Z",null
"AA - 0","model_aa - 0","FD5A2D54-0975-0544-FF07-3178E6A46700",null,"2019-12-16T11:44:32.979Z",null
"AA - 0","model_ee - 4","FDE27297-261F-C261-FFF1-631FFCAC6800",null,"2019-12-16T11:44:33.652Z",null
"EE - 4","model_uu - 20","FE0278A7-ED6F-3BCB-FF19-42555CAC7900",null,"2019-12-16T11:44:54.156Z",null
"TT - 19","model_dd - 3","FE041A83-1324-864E-FF6B-A9364170BA00",null,"2019-12-16T11:45:59.716Z",null
"[[ - 26","model_uu - 20","FE3659AF-45AF-E634-FFE3-15D5DD58FF00",null,"2019-12-16T11:46:33.478Z",null
"RR - 17","model_ww - 22","FF5D4E44-64B6-E3B8-FF54-3E3B802C0500",null,"2019-12-16T11:45:53.244Z",null
"VV - 21","model_oo - 14","FF7AB027-B8BF-D211-FFE2-BA030CB48D00",null,"2019-12-16T11:46:10.264Z",null
